wave_id,pred_wait_time_ms
1,0.1
2,0.1
3,0.1
4,2.7979674339294434
5,2.4036147594451904
6,4.159124851226807
7,4.101080417633057
8,0.1
9,3.3155393600463867
10,0.10645343363285065
11,1.4756067991256714
12,3.8231849670410156
13,3.7023091316223145
14,5.33021879196167
15,5.323357105255127
16,4.022608280181885
17,2.9101996421813965
18,3.2793595790863037
19,0.11464149504899979
20,3.060662269592285
21,2.1545186042785645
22,1.9031014442443848
23,3.704550266265869
24,0.1
25,3.6037302017211914
26,3.539862632751465
27,2.22100567817688
28,6.675601005554199
29,5.11766242980957
30,4.873889923095703
31,2.6187429428100586
32,2.5965383052825928
33,2.479433059692383
34,3.592834234237671
35,1.6609991788864136
36,2.002088785171509
37,1.965232253074646
38,3.874378204345703
39,5.84222936630249
40,4.147357940673828
41,2.1328492164611816
42,2.338834047317505
43,6.694340705871582
44,2.4858558177948
45,2.6685502529144287
46,4.146896839141846
47,5.7947211265563965
48,3.0825915336608887
49,0.10925409942865372
50,1.8387629985809326
51,3.2517361640930176
52,2.5050079822540283
53,0.21780839562416077
54,2.169389009475708
55,2.909700632095337
56,3.0701489448547363
57,2.9999701976776123
58,3.658707618713379
59,2.861830949783325
60,2.383845567703247
61,4.119992733001709
62,3.82973051071167
63,2.3583385944366455
64,2.302316427230835
65,6.524804592132568
66,3.353126287460327
67,6.589074611663818
68,2.217618227005005
69,0.1
70,0.1
71,3.2048263549804688
72,2.5826644897460938
73,3.874990224838257
74,2.9905781745910645
75,2.2129945755004883
76,0.1
77,0.10091914981603622
78,4.499404430389404
79,5.361396789550781
80,1.6108202934265137
81,3.059736728668213
82,2.8188655376434326
83,3.0043814182281494
84,0.1
85,3.19688081741333
86,0.1
87,2.5677812099456787
88,5.598318576812744
89,1.5356508493423462
90,4.7345476150512695
91,0.10919399559497833
92,3.5136165618896484
93,0.1
94,3.742619514465332
95,0.1
96,2.256103754043579
97,6.4345831871032715
98,0.1
99,2.151211977005005
100,4.218962669372559
101,2.3065073490142822
102,0.12376050651073456
103,3.801229238510132
104,2.444430351257324
105,5.185834884643555
106,2.887302875518799
107,2.3707354068756104
108,0.10705581307411194
109,0.1
110,0.10232854634523392
111,6.664829254150391
112,3.7337563037872314
113,0.1
114,1.9046777486801147
115,2.9661166667938232
116,3.742905378341675
117,4.923574447631836
118,3.741276502609253
119,2.45794677734375
120,0.1
121,3.207315683364868
122,5.648036003112793
123,2.846015691757202
124,1.6916601657867432
125,3.999636650085449
126,2.6708712577819824
127,3.4541897773742676
128,1.2683483362197876
129,3.577198028564453
130,0.1
131,2.674036741256714
132,2.010554313659668
133,1.9106501340866089
134,3.895155429840088
135,0.10442789644002914
136,0.1
137,2.088554859161377
138,2.7363383769989014
139,0.11157029122114182
140,0.10064386576414108
141,1.2081395387649536
142,1.8942781686782837
143,0.11412182450294495
144,1.3704676628112793
145,6.281246662139893
146,0.1
147,1.7600653171539307
148,1.8034541606903076
149,4.953858852386475
150,0.1
151,0.1
152,0.10439734905958176
153,0.10252251476049423
154,1.6452271938323975
155,3.754195213317871
156,0.12461380660533905
157,2.5108585357666016
158,1.4752538204193115
159,2.5838711261749268
160,0.10068551450967789
161,3.254014730453491
162,5.812229156494141
163,0.1
164,0.11431998014450073
165,3.469547986984253
166,2.5555260181427
167,0.1
168,3.134544849395752
169,1.7415539026260376
170,2.6868209838867188
171,0.1003241017460823
172,1.9933804273605347
173,0.1
174,3.74534273147583
175,3.0935418605804443
176,1.494271993637085
177,0.12393613904714584
178,0.10555168986320496
179,4.059861660003662
180,3.6151299476623535
181,0.1
182,6.290867328643799
183,0.1
184,4.0323286056518555
185,3.585392475128174
186,2.344790458679199
187,2.6134588718414307
188,1.9313132762908936
189,2.8721609115600586
190,2.7302002906799316
191,1.7294061183929443
192,4.86659574508667
193,3.973012924194336
194,1.9761250019073486
195,0.1
196,5.297534465789795
197,1.9265881776809692
198,3.420778512954712
199,5.788278102874756
200,3.7957496643066406
201,1.8228256702423096
202,2.3958873748779297
203,3.508574962615967
204,0.1
205,4.172563552856445
206,3.0022523403167725
207,3.6910226345062256
208,3.908730983734131
209,1.497324824333191
210,4.043777942657471
211,0.1
212,0.11109264194965363
213,1.7496771812438965
214,1.844987154006958
215,2.6097640991210938
216,2.712002754211426
217,0.1
218,3.2594025135040283
219,0.11406973749399185
220,0.10433898866176605
221,1.0666168928146362
222,2.6899960041046143
223,2.789283275604248
224,2.362476348876953
225,3.2341153621673584
226,3.65187406539917
227,3.002397298812866
228,0.11157569289207458
229,0.1
230,2.2457971572875977
231,2.531294584274292
232,2.2574784755706787
233,3.0006399154663086
234,2.439758539199829
235,2.2567059993743896
236,7.0774993896484375
237,0.1
238,3.804105281829834
239,3.88366961479187
240,2.96748423576355
241,3.161771774291992
242,0.10091991722583771
243,0.10380740463733673
244,3.271306276321411
245,1.9118847846984863
246,0.1
247,2.190990686416626
248,3.6624362468719482
249,3.4169936180114746
250,1.740508794784546
251,2.6132447719573975
252,3.534560441970825
253,0.122759610414505
254,1.7655770778656006
255,2.1484251022338867
256,1.9655349254608154
257,0.1
258,2.58085298538208
259,1.3922114372253418
260,0.10696564614772797
261,3.4243454933166504
262,1.5324128866195679
263,5.898396015167236
264,1.7963032722473145
265,1.858821988105774
266,0.1409309059381485
267,0.10648688673973083
268,3.8236351013183594
269,0.10447585582733154
270,0.10266949981451035
271,0.10704001039266586
272,0.10629875957965851
273,0.1
274,3.5697507858276367
275,3.8454320430755615
276,4.415408134460449
277,3.0984060764312744
278,5.371589183807373
279,4.636186122894287
280,1.6736953258514404
281,2.1121551990509033
282,3.299278736114502
283,0.10263605415821075
284,3.7362289428710938
285,2.540538787841797
286,1.5886304378509521
287,3.5445597171783447
288,3.5405397415161133
289,0.1
290,0.1
291,5.52183198928833
292,3.452540874481201
293,2.558593511581421
294,3.1481926441192627
295,5.459046840667725
296,0.1835089921951294
297,0.1
298,6.2218451499938965
299,3.72019624710083
300,6.134976863861084
301,3.123399019241333
302,3.9651734828948975
303,0.1
304,0.1
305,2.6891257762908936
306,4.3389668464660645
307,2.3739922046661377
308,2.0974159240722656
309,0.10064788162708282
310,0.10073135048151016
311,2.412708044052124
312,0.11589901894330978
313,4.148050785064697
314,1.8690805435180664
315,0.1005057618021965
316,3.700087070465088
317,0.1
318,3.849412202835083
319,2.081378936767578
320,2.2006194591522217
321,2.77790904045105
322,3.511481523513794
323,0.1
324,3.3016817569732666
325,0.11585070937871933
326,4.027372360229492
327,3.2942721843719482
328,6.247886657714844
329,2.3608250617980957
330,3.1531102657318115
331,2.819995403289795
332,4.952187538146973
333,1.914984941482544
334,3.380971670150757
335,3.633847713470459
336,1.9882519245147705
337,1.5003647804260254
338,3.598832368850708
339,1.8142882585525513
340,3.9114112854003906
341,2.7143757343292236
342,2.884899616241455
343,3.4013772010803223
344,4.076105117797852
345,0.11124920099973679
346,3.15324068069458
347,2.8437647819519043
348,0.1
349,2.4515795707702637
350,2.805729389190674
351,2.1012001037597656
352,0.1272311508655548
353,3.04241681098938
354,3.8243610858917236
355,1.5231505632400513
356,1.934278130531311
357,3.4451663494110107
358,4.108273029327393
359,1.7641819715499878
360,0.1
361,0.10083667933940887
362,0.10034345835447311
363,2.5962793827056885
364,0.1038544699549675
365,0.10348738729953766
366,6.665016174316406
367,0.1
368,5.564968109130859
369,2.816494941711426
370,3.5316243171691895
371,3.353353500366211
372,3.0995917320251465
373,2.6635470390319824
374,2.127889394760132
375,0.1
376,3.851860523223877
377,0.1
378,3.2007720470428467
379,2.4449334144592285
380,2.2714757919311523
381,2.3139774799346924
382,0.125214621424675
383,2.3538520336151123
384,2.668351173400879
385,1.9049184322357178
386,2.3442420959472656
387,3.4438669681549072
388,3.009110927581787
389,1.9028419256210327
390,5.669144630432129
391,4.179849147796631
392,1.767164945602417
393,0.1
394,3.631946086883545
395,2.341184139251709
396,2.5717763900756836
397,3.767038345336914
398,3.323856830596924
399,5.630494594573975
400,3.935979127883911
401,2.89902925491333
402,0.10023239254951477
403,0.1
404,0.10232676565647125
405,1.4931986331939697
406,2.0449113845825195
407,3.4763107299804688
408,1.9104505777359009
409,6.995542526245117
410,2.6297171115875244
411,1.6923623085021973
412,3.9317851066589355
413,2.4112348556518555
414,2.3048086166381836
415,3.128818988800049
416,5.934656143188477
417,2.8330564498901367
418,3.306889533996582
419,0.11103345453739166
420,2.195333242416382
421,0.11072734743356705
422,2.141477346420288
423,2.7840633392333984
424,4.5327467918396
425,3.809644937515259
426,0.1
427,4.017479419708252
428,2.441143751144409
429,5.45850133895874
430,0.1006283164024353
431,4.72398567199707
432,0.1
433,0.1
434,0.14195479452610016
435,1.8426353931427002
436,2.6779510974884033
437,3.024540424346924
438,0.1
439,2.934056282043457
440,0.1
441,0.9327888488769531
442,2.0863795280456543
443,1.2909549474716187
444,5.813974380493164
445,0.10264746844768524
446,2.322598457336426
447,6.492420196533203
448,3.830259323120117
449,0.12660759687423706
450,2.7490406036376953
451,4.376545429229736
452,2.2192447185516357
453,2.64324688911438
454,3.9655420780181885
455,0.1
456,3.360318899154663
457,2.0706896781921387
458,3.8716957569122314
459,0.1
460,3.8200113773345947
461,4.058894634246826
462,4.373308181762695
463,0.10727021843194962
464,2.3019909858703613
465,2.946298122406006
466,4.605019569396973
467,0.1
468,2.4755911827087402
469,3.635815382003784
470,3.379091739654541
471,6.436922073364258
472,4.9872918128967285
473,3.503385066986084
474,4.316052436828613
475,3.023946762084961
476,2.682760715484619
477,2.5236711502075195
478,0.1111854687333107
479,0.1
480,2.160120725631714
481,3.5972800254821777
482,0.1
483,5.676894187927246
484,4.9880876541137695
485,2.041149377822876
486,4.664780139923096
487,3.934654712677002
488,2.154977798461914
489,3.0282857418060303
490,0.10010640323162079
491,3.85288143157959
492,5.698211193084717
493,5.168294906616211
494,1.789214015007019
495,2.339184045791626
496,2.9502134323120117
497,2.8417646884918213
498,0.10929027199745178
499,1.8560948371887207
500,0.1
501,1.7105754613876343
502,2.7176930904388428
503,0.10560992360115051
504,3.4100441932678223
505,2.0977015495300293
506,3.5638210773468018
507,3.8818960189819336
508,2.7176733016967773
509,0.10904375463724136
510,0.1
511,0.1
512,3.8913052082061768
513,5.588017463684082
514,3.516209125518799
515,2.394835948944092
516,1.9609094858169556
517,2.8935494422912598
518,1.6425836086273193
519,1.862830638885498
520,2.57882022857666
521,0.10147228091955185
522,4.651497840881348
523,3.3909971714019775
524,0.1
525,3.2634081840515137
526,3.93835186958313
527,1.7103288173675537
528,3.104025363922119
529,3.3560118675231934
530,2.943661689758301
531,2.2402889728546143
532,0.1
533,1.8748518228530884
534,5.0514817237854
535,3.032973289489746
536,1.6259020566940308
537,2.5054092407226562
538,3.996258020401001
539,3.406033515930176
540,0.1
541,2.79917311668396
542,3.335771322250366
543,3.925586223602295
544,1.7756718397140503
545,2.248879909515381
546,4.711310386657715
547,3.723978042602539
548,0.14329642057418823
549,2.738271951675415
550,6.162644863128662
551,3.0316600799560547
552,4.194447040557861
553,6.327826976776123
554,0.10224501043558121
555,2.7159221172332764
556,1.7265925407409668
557,6.011585712432861
558,0.10874312371015549
559,2.6574137210845947
560,2.2591497898101807
561,4.976053237915039
562,0.10249964147806168
563,3.7653517723083496
564,6.40566349029541
565,0.10029980540275574
566,3.2598698139190674
567,2.983773946762085
568,2.1389474868774414
569,0.11202330142259598
570,3.2157537937164307
571,2.366600275039673
572,2.294440507888794
573,2.631437301635742
574,1.830077886581421
575,2.2647452354431152
576,2.4044082164764404
577,0.10044945776462555
578,5.437808036804199
579,1.7847684621810913
580,0.1
581,0.1
582,3.4300620555877686
583,6.465251922607422
584,3.548114776611328
585,2.5391845703125
586,3.1891138553619385
587,4.724157333374023
588,1.9968489408493042
589,2.878643274307251
590,3.6014928817749023
591,0.12001176923513412
592,3.0931999683380127
593,4.565199851989746
594,1.6452525854110718
595,1.6394333839416504
596,0.10425219684839249
597,2.9687204360961914
598,1.6851140260696411
599,2.967477321624756
600,3.266742706298828
601,0.1
602,0.1
603,2.803025007247925
604,5.970484256744385
605,2.377129316329956
606,2.5251705646514893
607,3.1859734058380127
608,0.10307829082012177
609,2.673926830291748
610,0.10645890980958939
611,0.12722977995872498
612,1.8277610540390015
613,2.3164381980895996
614,0.1
615,2.1871438026428223
616,3.872859001159668
617,3.2096455097198486
618,4.490616798400879
619,0.11119195818901062
620,5.108437538146973
621,0.10869982093572617
622,3.581052303314209
623,6.42563533782959
624,0.1046009510755539
625,1.3099274635314941
626,3.468679428100586
627,2.4715778827667236
628,3.718324661254883
629,2.7622416019439697
630,5.0264892578125
631,4.705032825469971
632,5.099194049835205
633,3.392873525619507
634,3.963449239730835
635,4.708209991455078
636,4.34830379486084
637,5.199223041534424
638,7.020889759063721
639,3.6551942825317383
640,0.1
641,2.650914430618286
642,1.9911426305770874
643,3.5069313049316406
644,3.1327011585235596
645,2.283942222595215
646,4.835217475891113
647,2.8908867835998535
648,2.350410223007202
649,2.0750343799591064
650,3.203571081161499
651,6.120792865753174
652,0.1055157408118248
653,0.1
654,3.6740779876708984
655,3.301955223083496
656,0.1
657,0.10448204725980759
658,0.10446640104055405
659,1.4052855968475342
660,2.847733736038208
661,3.0950827598571777
662,3.175575017929077
663,0.10357726365327835
664,3.34999942779541
665,0.1
666,2.867729902267456
667,0.1
668,2.435093879699707
669,0.10448598861694336
670,4.512267589569092
671,2.900204658508301
672,4.123346328735352
673,2.9624061584472656
674,1.691494107246399
675,2.4423816204071045
676,3.7820398807525635
677,0.1033639907836914
678,0.10000729560852051
679,0.11094425618648529
680,3.6154892444610596
681,0.1222916841506958
682,0.1
683,2.5456442832946777
684,2.3936305046081543
685,1.7521723508834839
686,1.409266710281372
687,0.1
688,0.12215599417686462
689,0.1
690,0.10455767065286636
691,2.512437105178833
692,6.452513217926025
693,0.1
694,4.991017818450928
695,5.555589199066162
696,2.2990810871124268
697,0.10576514899730682
698,0.1
699,2.353827714920044
700,3.899064540863037
701,0.10037200897932053
702,1.511040449142456
703,2.4518065452575684
704,3.0272035598754883
705,5.399534702301025
706,0.10027459263801575
707,2.1727774143218994
708,0.1
709,1.7009508609771729
710,0.1
711,3.301548480987549
712,0.105696901679039
713,3.7690012454986572
714,2.787785530090332
715,3.104180097579956
716,2.1130857467651367
717,0.1
718,5.967473030090332
719,0.1
720,1.8019977807998657
721,1.6873424053192139
722,6.998788833618164
723,3.918760061264038
724,2.1597931385040283
725,5.263716220855713
726,0.1
727,6.081446170806885
728,0.10680515319108963
729,1.8164286613464355
730,2.0962343215942383
731,1.5574926137924194
732,1.6656206846237183
733,4.483573913574219
734,1.9329880475997925
735,3.4993081092834473
736,3.4623866081237793
737,3.128117322921753
738,3.4806149005889893
739,4.834444046020508
740,0.1
741,0.1
742,1.7410985231399536
743,0.11688154935836792
744,2.554974317550659
745,2.791989803314209
746,2.028531551361084
747,1.8354185819625854
748,3.6697640419006348
749,2.0177085399627686
750,3.519166946411133
751,6.501051902770996
752,1.8851832151412964
753,3.765347480773926
754,3.4482972621917725
755,2.9231812953948975
756,2.5615601539611816
757,0.1
758,5.719221115112305
759,0.1
760,2.8695366382598877
761,0.1
762,0.10065032541751862
763,2.0956714153289795
764,2.082845687866211
765,2.319133996963501
766,2.644286632537842
767,0.10087457299232483
768,3.919750452041626
769,2.942105293273926
770,2.387052059173584
771,0.1
772,2.617424249649048
773,0.1
774,3.9574246406555176
775,1.7859246730804443
776,3.0437111854553223
777,0.11030938476324081
778,2.4160983562469482
779,0.10005752742290497
780,2.6186788082122803
781,1.7404191493988037
782,2.3844308853149414
783,6.6396636962890625
784,1.9630467891693115
785,3.739389657974243
786,0.1
787,6.3467793464660645
788,3.686068296432495
789,3.8644611835479736
790,2.4782745838165283
791,3.580688238143921
792,5.631706237792969
793,2.9182472229003906
794,0.10862669348716736
795,1.7387120723724365
796,3.61733341217041
797,3.4410696029663086
798,2.969886541366577
799,3.1948635578155518
800,0.10479354858398438
801,3.469137668609619
802,1.9020051956176758
803,5.127472877502441
804,2.5824108123779297
805,2.8173961639404297
806,0.12386065721511841
807,3.484712839126587
808,3.1477773189544678
809,3.5829219818115234
810,2.980663537979126
811,2.4698052406311035
812,0.1
813,3.2357094287872314
814,2.3945350646972656
815,2.637216091156006
816,4.19918966293335
817,3.1999053955078125
818,3.956737995147705
819,5.823758602142334
820,2.716566562652588
821,3.775834083557129
822,1.6699331998825073
823,0.1
824,0.1
825,3.1812384128570557
826,2.771700382232666
827,0.1
828,5.127285480499268
829,4.872689247131348
830,0.10628480464220047
831,1.8504644632339478
832,1.7639274597167969
833,3.3971903324127197
834,2.466600179672241
835,5.462775230407715
836,0.1
837,4.038590431213379
838,2.434770107269287
839,3.5059454441070557
840,2.7219834327697754
841,0.1
842,1.5659980773925781
843,4.103997707366943
844,1.6186834573745728
845,5.81285285949707
846,1.699228286743164
847,0.1
848,6.620718479156494
849,3.0958304405212402
850,0.1
851,4.63131046295166
852,3.2618367671966553
853,5.367650985717773
854,3.4821391105651855
855,2.6945133209228516
856,1.719461441040039
857,3.5093772411346436
858,6.508083343505859
859,0.1
860,3.9399704933166504
861,2.9799962043762207
862,3.274418354034424
863,0.1
864,0.1
865,0.1
866,5.790942192077637
867,3.327657461166382
868,0.1
869,3.9226648807525635
870,3.1876678466796875
871,0.10403098165988922
872,3.1179614067077637
873,3.6217644214630127
874,1.4033137559890747
875,6.646430492401123
876,3.58667254447937
877,0.1
878,3.4014430046081543
879,3.9606800079345703
880,3.3400354385375977
881,3.4446818828582764
882,2.5648741722106934
883,0.12366527318954468
884,0.1
885,1.9313546419143677
886,1.7456459999084473
887,1.2465205192565918
888,0.10027065128087997
889,1.5408421754837036
890,2.450239896774292
891,0.10260225087404251
892,3.333446979522705
893,5.728846549987793
894,0.10090606659650803
895,0.10628658533096313
896,0.1
897,1.7211754322052002
898,1.6860965490341187
899,5.869453430175781
900,0.10102267563343048
901,0.10246577858924866
902,0.1
903,6.310981750488281
904,3.799656629562378
905,0.10402466356754303
906,0.10074871778488159
907,2.453752040863037
908,6.4149932861328125
909,0.1
910,0.1000509262084961
911,7.165390968322754
912,2.27144718170166
913,0.1
914,0.10008082538843155
915,0.1113264337182045
916,3.2905473709106445
917,1.9677822589874268
918,0.10620877146720886
919,0.1
920,0.1
921,3.4985275268554688
922,3.0474853515625
923,3.1864607334136963
924,2.2896456718444824
925,6.0575056076049805
926,3.241959810256958
927,0.1
928,3.7339367866516113
929,2.1645405292510986
930,1.8867548704147339
931,2.7674288749694824
932,0.1
933,1.827597737312317
934,0.1
935,3.001302480697632
936,3.77007794380188
937,3.005707025527954
938,1.749883770942688
939,0.11161573231220245
940,0.1061583161354065
941,3.3719513416290283
942,0.10141054540872574
943,1.5748021602630615
944,2.3494036197662354
945,4.751425266265869
946,3.1621177196502686
947,6.2030158042907715
948,1.6687819957733154
949,0.1
950,3.4644196033477783
951,3.1178994178771973
952,2.3082468509674072
953,0.11110660433769226
954,2.971071243286133
955,2.1819722652435303
956,4.428802967071533
957,2.866091728210449
958,2.922917366027832
959,0.10015414655208588
960,0.1
961,3.065094232559204
962,4.014961242675781
963,0.11438441276550293
964,3.7795469760894775
965,3.3215973377227783
966,1.5516728162765503
967,1.845354437828064
968,0.10091159492731094
969,0.1
970,3.900667667388916
971,0.1
972,5.412579536437988
973,3.6446738243103027
974,1.871670126914978
975,3.1011595726013184
976,1.637255311012268
977,0.10069341957569122
978,0.10643836110830307
979,6.244841575622559
980,0.10480351001024246
981,3.7525131702423096
982,2.974285840988159
983,2.0720791816711426
984,4.251452445983887
985,0.1
986,0.11093661189079285
987,2.38956356048584
988,3.0562329292297363
989,3.3728878498077393
990,0.10532964020967484
991,0.1
992,3.6162755489349365
993,3.007648229598999
994,3.8087661266326904
995,0.11567460745573044
996,1.6282798051834106
997,3.525355100631714
998,5.954995632171631
999,2.0327582359313965
1000,3.060147523880005
1001,0.10220000147819519
1002,2.0627832412719727
1003,2.625589609146118
1004,3.906891107559204
1005,3.224552869796753
1006,2.7714147567749023
1007,3.499906539916992
1008,3.5071070194244385
1009,0.10825861245393753
1010,3.563715696334839
1011,3.287855386734009
1012,0.10573787987232208
1013,2.372966766357422
1014,3.9798688888549805
1015,6.473067283630371
1016,3.883155584335327
1017,0.1
1018,1.704615831375122
1019,0.1
1020,0.1
1021,4.87756872177124
1022,0.10330686718225479
1023,1.9861760139465332
1024,4.054067134857178
1025,3.680724620819092
1026,0.1
1027,2.7153680324554443
1028,0.1
1029,6.6312055587768555
1030,3.656874418258667
1031,5.1301679611206055
1032,6.634765148162842
1033,4.353918552398682
1034,3.3866801261901855
1035,3.841068983078003
1036,1.7933282852172852
1037,2.3876426219940186
1038,1.5774697065353394
1039,0.1
1040,1.8839718103408813
1041,2.312948226928711
1042,1.575326681137085
1043,0.1
1044,1.8907960653305054
1045,0.11886534094810486
1046,3.473773717880249
1047,3.17779541015625
1048,3.1101062297821045
1049,2.1175153255462646
1050,0.1
1051,0.1
1052,2.729936361312866
1053,0.1
1054,5.833224296569824
1055,3.037041187286377
1056,0.10643564909696579
1057,4.5680952072143555
1058,2.1327176094055176
1059,0.11938494443893433
1060,3.2991909980773926
1061,0.1
1062,0.1
1063,4.382737636566162
1064,2.956254720687866
1065,3.3844757080078125
1066,1.2489683628082275
1067,4.946537017822266
1068,1.7433408498764038
1069,3.1801464557647705
1070,0.1057414785027504
1071,1.5782811641693115
1072,0.1
1073,2.284632444381714
1074,2.403897762298584
1075,2.709249496459961
1076,5.449831485748291
1077,3.0361595153808594
1078,0.1
1079,3.645573854446411
1080,5.56278657913208
1081,1.4886654615402222
1082,2.0759854316711426
1083,3.010951280593872
1084,0.1
1085,2.684913158416748
1086,6.7766547203063965
1087,3.202867031097412
1088,5.677370071411133
1089,2.492041826248169
1090,3.5522329807281494
1091,1.9213356971740723
1092,3.149653911590576
1093,3.1649622917175293
1094,2.2329142093658447
1095,2.913644313812256
1096,0.10354343801736832
1097,0.1108834370970726
1098,0.1
1099,1.9386920928955078
1100,2.506610870361328
1101,6.228450775146484
1102,2.2974050045013428
1103,2.190418004989624
1104,0.1
1105,2.907531976699829
1106,2.1872293949127197
1107,5.25551700592041
1108,2.241926670074463
1109,3.954375982284546
1110,3.6315436363220215
1111,4.8611369132995605
1112,2.5974111557006836
1113,0.1
1114,2.9570577144622803
1115,0.1
1116,2.3993120193481445
1117,3.752208948135376
1118,2.874495267868042
1119,1.9251991510391235
1120,2.2903270721435547
1121,0.10047510266304016
1122,1.6741691827774048
1123,3.385690450668335
1124,2.39184832572937
1125,4.032137870788574
1126,3.086200714111328
1127,1.877748727798462
1128,4.031914234161377
1129,2.731619119644165
1130,1.7752233743667603
1131,0.12481928616762161
1132,5.793796539306641
1133,3.3703629970550537
1134,1.6583025455474854
1135,0.10808590054512024
1136,1.9837329387664795
1137,0.10315248370170593
1138,0.1
1139,2.226287603378296
1140,0.10105514526367188
1141,1.7616935968399048
1142,2.31329083442688
1143,0.101020447909832
1144,5.958656311035156
1145,0.12233126908540726
1146,4.239343643188477
1147,3.320636749267578
1148,3.826723337173462
1149,2.549274206161499
1150,0.1
1151,2.109318971633911
1152,2.344775438308716
1153,4.037975788116455
1154,3.7125132083892822
1155,0.1
1156,2.8942391872406006
1157,2.659985065460205
1158,3.8850300312042236
1159,3.4589922428131104
1160,3.056736707687378
1161,3.052042245864868
1162,0.1
1163,4.160679340362549
1164,7.088566303253174
1165,5.511162281036377
1166,5.1396260261535645
1167,0.11892915517091751
1168,3.427539825439453
1169,3.401242256164551
1170,3.00280499458313
1171,2.988731861114502
1172,1.7308882474899292
1173,2.9455196857452393
1174,0.1
1175,1.2507050037384033
1176,2.6814568042755127
1177,3.681046962738037
1178,1.9453279972076416
1179,6.60098123550415
1180,2.5173888206481934
1181,2.818329334259033
1182,0.1
1183,4.159215927124023
1184,1.6793651580810547
1185,3.0719172954559326
1186,0.1
1187,1.8378703594207764
1188,0.1
1189,3.1492111682891846
1190,0.1
1191,0.1
1192,0.1
1193,2.9969418048858643
1194,0.10013873875141144
1195,3.666980028152466
1196,2.0685219764709473
1197,0.11089182645082474
1198,0.12342896312475204
1199,2.068523645401001
1200,3.962097644805908
1201,6.655307769775391
1202,0.10281878709793091
1203,0.20130398869514465
1204,0.1
1205,1.9330075979232788
1206,3.2649335861206055
1207,0.1011110246181488
1208,0.1
1209,3.5401618480682373
1210,1.9057645797729492
1211,2.010172128677368
1212,2.3895981311798096
1213,1.9280630350112915
1214,1.6119725704193115
1215,0.10561222583055496
1216,1.8139593601226807
1217,3.914799690246582
1218,3.5679614543914795
1219,2.589285373687744
1220,6.14241361618042
1221,2.835937023162842
1222,0.1
1223,2.8028504848480225
1224,2.7629666328430176
1225,0.1
1226,2.9205312728881836
1227,4.0904717445373535
1228,3.243243455886841
1229,4.789021968841553
1230,3.4491162300109863
1231,0.10436750203371048
1232,0.1
1233,2.793229579925537
1234,2.9062376022338867
1235,1.8569105863571167
1236,2.2482998371124268
1237,3.6964175701141357
1238,5.18858003616333
1239,2.160473108291626
1240,2.9209988117218018
1241,0.14193840324878693
1242,0.1
1243,2.4044928550720215
1244,1.939355492591858
1245,0.10052307695150375
1246,0.1
1247,3.3068528175354004
1248,0.1
1249,0.1
1250,2.8514788150787354
1251,0.11013094335794449
1252,0.1
1253,2.36301326751709
1254,2.1790060997009277
1255,3.7809979915618896
1256,0.10649177432060242
1257,3.392343282699585
1258,1.645459771156311
1259,4.052142143249512
1260,3.4219367504119873
1261,5.16019344329834
1262,0.1
1263,0.1
1264,0.1004641130566597
1265,0.1
1266,0.1
1267,6.177670955657959
1268,2.019519805908203
1269,5.394383907318115
1270,0.1
1271,1.7719645500183105
1272,2.5997560024261475
1273,0.1
1274,0.11011279374361038
1275,3.6360859870910645
1276,1.8424137830734253
1277,3.1142401695251465
1278,2.5525717735290527
1279,0.10009756684303284
1280,3.2392704486846924
1281,2.787346601486206
1282,3.673529863357544
1283,1.8673906326293945
1284,3.5843255519866943
1285,0.1
1286,3.875852108001709
1287,1.8408178091049194
1288,1.9594719409942627
1289,1.8425452709197998
1290,3.5910634994506836
1291,1.8515150547027588
1292,0.1
1293,3.1141607761383057
1294,0.1
1295,1.5975083112716675
1296,0.19505082070827484
1297,3.763169765472412
1298,5.682552337646484
1299,2.912937641143799
1300,5.961160182952881
1301,3.0530128479003906
1302,3.9051003456115723
1303,0.1015290915966034
1304,0.1
1305,1.3772540092468262
1306,0.10088449716567993
1307,3.888352870941162
1308,1.309432029724121
1309,2.501643180847168
1310,1.6653528213500977
1311,0.1
1312,0.1
1313,6.861262321472168
1314,2.2139267921447754
1315,1.8313002586364746
1316,1.577447772026062
1317,3.396144390106201
1318,3.6375510692596436
1319,2.6467807292938232
1320,6.6949076652526855
1321,1.7784565687179565
1322,5.6424174308776855
1323,3.5508205890655518
1324,3.389965295791626
1325,3.075897216796875
1326,2.7611196041107178
1327,0.10033667832612991
1328,6.221999168395996
1329,6.888125896453857
1330,0.1
1331,4.244643688201904
1332,1.9581797122955322
1333,0.11096297949552536
1334,0.12419947981834412
1335,3.845100164413452
1336,5.427212715148926
1337,5.521755695343018
1338,2.784135341644287
1339,5.4268364906311035
1340,1.900505542755127
1341,3.9980368614196777
1342,6.321521759033203
1343,3.341738224029541
1344,2.39945650100708
1345,2.957354784011841
1346,0.1
1347,3.9966518878936768
1348,0.10281143337488174
1349,4.699855804443359
1350,0.1
1351,0.1
1352,3.9315621852874756
1353,0.10439594089984894
1354,0.1
1355,2.890282392501831
1356,3.5670969486236572
1357,2.0168697834014893
1358,2.681710720062256
1359,0.1
1360,1.5455700159072876
1361,3.520719051361084
1362,2.773993492126465
1363,0.10003729164600372
1364,0.1
1365,3.374674081802368
1366,2.839233875274658
1367,1.6843674182891846
1368,2.320302724838257
1369,6.178355693817139
1370,3.652326822280884
1371,6.047476768493652
1372,2.789849281311035
1373,4.0830607414245605
1374,2.0109028816223145
1375,0.1
1376,0.11118120700120926
1377,6.323861122131348
1378,3.19892954826355
1379,0.1
1380,0.1
1381,0.1
1382,2.309828281402588
1383,0.1087333932518959
1384,6.99151611328125
1385,5.723320007324219
1386,1.823045253753662
1387,6.704517364501953
1388,2.051253318786621
1389,2.0094704627990723
1390,3.4072043895721436
1391,0.1
1392,3.713597297668457
1393,3.1914126873016357
1394,2.4505507946014404
1395,1.9402929544448853
1396,3.0422775745391846
1397,3.664407730102539
1398,4.063925266265869
1399,0.1
1400,2.6897222995758057
1401,1.9716010093688965
1402,3.3257477283477783
1403,2.5458452701568604
1404,2.584872245788574
1405,3.3734517097473145
1406,0.10447460412979126
1407,3.974330425262451
1408,4.276708126068115
1409,2.46372127532959
1410,2.3666114807128906
1411,0.1078655943274498
1412,3.536954641342163
1413,0.10061299800872803
1414,0.10807681828737259
1415,0.1
1416,4.4935197830200195
1417,3.300358772277832
1418,1.6703053712844849
1419,0.11092570424079895
1420,1.9967395067214966
1421,2.4742696285247803
1422,2.845198392868042
1423,3.2618346214294434
1424,0.1069798544049263
1425,0.10064657032489777
1426,3.7062530517578125
1427,7.209893226623535
1428,0.10336294770240784
1429,3.712724447250366
1430,2.8711369037628174
1431,6.33151388168335
1432,1.578930139541626
1433,4.4760565757751465
1434,3.680227518081665
1435,2.8378992080688477
1436,0.10377683490514755
1437,2.054865837097168
1438,0.1
1439,2.4454944133758545
1440,0.11270846426486969
1441,5.196106910705566
1442,0.10591279715299606
1443,2.9895098209381104
1444,5.327754974365234
1445,0.1
1446,1.8867676258087158
1447,3.3122034072875977
1448,1.439969778060913
1449,2.1960182189941406
1450,2.885315418243408
1451,6.187104225158691
1452,3.2177071571350098
1453,1.7395509481430054
1454,2.690056085586548
1455,0.1
1456,0.1
1457,4.013134956359863
1458,0.10472958534955978
1459,3.7743945121765137
1460,2.564952850341797
1461,0.10508005321025848
1462,4.830643653869629
1463,3.075453519821167
1464,4.063317775726318
1465,2.332761764526367
1466,1.9697072505950928
1467,0.11033377796411514
1468,0.10736395418643951
1469,0.1
1470,6.957552433013916
1471,0.10524281859397888
1472,4.301736831665039
1473,1.7766937017440796
1474,3.475184679031372
1475,2.8627381324768066
1476,5.393712043762207
1477,2.7810842990875244
1478,2.6425883769989014
1479,2.863745927810669
1480,4.5212297439575195
1481,3.375466823577881
1482,6.009275436401367
1483,1.7452032566070557
1484,5.340402603149414
1485,2.321272134780884
1486,1.7522493600845337
1487,0.1
1488,0.11225025355815887
1489,4.0238237380981445
1490,2.3215839862823486
1491,5.682601451873779
1492,0.1
1493,0.11067469418048859
1494,0.10910896956920624
1495,2.5674679279327393
1496,0.1
1497,2.3855016231536865
1498,0.1107252687215805
1499,3.573866844177246
1500,5.479170799255371
1501,2.59660267829895
1502,2.83345103263855
1503,3.062784433364868
1504,1.9115406274795532
1505,2.488154172897339
1506,3.60212779045105
1507,0.1
1508,3.953672409057617
1509,0.11188377439975739
1510,3.6235690116882324
1511,4.352321624755859
1512,0.10491079837083817
1513,1.6136306524276733
1514,3.368011474609375
1515,0.10320476442575455
1516,0.12335115671157837
1517,3.626722812652588
1518,6.258126735687256
1519,3.646312952041626
1520,3.450240135192871
1521,2.208488941192627
1522,3.8151133060455322
1523,2.6411380767822266
1524,4.097755432128906
1525,1.9563802480697632
1526,1.8108580112457275
1527,1.2618952989578247
1528,1.7021595239639282
1529,3.7903501987457275
1530,3.0539138317108154
1531,2.1786627769470215
1532,2.569856643676758
1533,1.8442221879959106
1534,3.3951687812805176
1535,3.390974521636963
1536,0.1
1537,2.169118881225586
1538,0.1
1539,4.9424285888671875
1540,4.091407299041748
1541,3.1325953006744385
1542,0.11075526475906372
1543,0.12188567966222763
1544,1.7952616214752197
1545,0.1
1546,0.10804446786642075
1547,2.361358642578125
1548,3.559241533279419
1549,1.8156663179397583
1550,3.790024757385254
1551,0.1
1552,3.5845797061920166
1553,3.6436893939971924
1554,5.927683353424072
1555,0.1
1556,1.8566789627075195
1557,2.843061685562134
1558,2.1970362663269043
1559,3.6002602577209473
1560,4.860878944396973
1561,3.1570887565612793
1562,0.1
1563,0.1
1564,2.453129291534424
1565,0.1
1566,5.245959281921387
1567,1.5945509672164917
1568,3.60711407661438
1569,3.924813747406006
1570,5.9676642417907715
1571,2.5890424251556396
1572,4.371783256530762
1573,3.2560830116271973
1574,2.4175989627838135
1575,5.33254337310791
1576,3.5650055408477783
1577,6.581693172454834
1578,2.2297544479370117
1579,3.3032748699188232
1580,6.921305179595947
1581,1.8707200288772583
1582,0.10720811039209366
1583,3.023650646209717
1584,3.6740822792053223
1585,3.5652732849121094
1586,2.4106218814849854
1587,2.704977512359619
1588,0.1
1589,3.612734079360962
1590,6.452642440795898
1591,0.1
1592,1.653971552848816
1593,2.5835843086242676
1594,3.3030405044555664
1595,0.10351577401161194
1596,3.1164844036102295
1597,2.560779571533203
1598,1.6459792852401733
1599,1.8079102039337158
1600,2.3680925369262695
1601,2.199462890625
1602,1.9624050855636597
1603,0.1108921617269516
1604,0.1
1605,2.5449514389038086
1606,3.197373390197754
1607,2.2067723274230957
1608,3.3899834156036377
1609,3.182689666748047
1610,1.7285244464874268
1611,2.173983335494995
1612,2.606428861618042
1613,0.1
1614,3.592783212661743
1615,3.601393938064575
1616,2.1552109718322754
1617,0.10236165672540665
1618,1.6020549535751343
1619,3.857004165649414
1620,3.5283005237579346
1621,3.0116336345672607
1622,3.963860511779785
1623,0.10357239842414856
1624,1.1809608936309814
1625,3.917743444442749
1626,6.06297492980957
1627,3.2073733806610107
1628,0.1
1629,4.093870162963867
1630,4.492363929748535
1631,5.233005046844482
1632,0.1
1633,2.1082046031951904
1634,4.084102630615234
1635,0.10436393320560455
1636,0.1
1637,0.11065895855426788
1638,0.1
1639,0.1
1640,5.270101547241211
1641,1.798359990119934
1642,1.6031079292297363
1643,6.379074573516846
1644,1.303709864616394
1645,2.476919174194336
1646,2.9993650913238525
1647,0.1
1648,0.1
1649,3.6156258583068848
1650,3.6972856521606445
1651,3.4930367469787598
1652,3.786961555480957
1653,3.664698839187622
1654,0.10810339450836182
1655,2.9022390842437744
1656,2.1196999549865723
1657,5.577550411224365
1658,5.799783706665039
1659,3.2231106758117676
1660,0.1
1661,5.876582145690918
1662,2.07944393157959
1663,3.2173402309417725
1664,6.431267738342285
1665,3.7220242023468018
1666,2.555521249771118
1667,2.4592504501342773
1668,6.453556060791016
1669,3.6595566272735596
1670,3.165708541870117
1671,4.047709941864014
1672,0.1238577663898468
1673,0.16201616823673248
1674,0.1
1675,5.437668323516846
1676,0.1053752675652504
1677,1.6743664741516113
1678,3.3685808181762695
1679,5.008596420288086
1680,0.1
1681,3.8406567573547363
1682,2.565525531768799
1683,0.10553320497274399
1684,2.324181079864502
1685,2.2791314125061035
1686,0.1
1687,3.172989845275879
1688,2.5225324630737305
1689,0.10045664012432098
1690,5.9936418533325195
1691,3.961826801300049
1692,0.1
1693,3.171757459640503
1694,0.10264895856380463
1695,1.8668324947357178
1696,0.11083042621612549
1697,1.5667953491210938
1698,1.7063790559768677
1699,0.1
1700,0.1
1701,2.944187879562378
1702,1.502298355102539
1703,3.9393293857574463
1704,0.1
1705,3.0398380756378174
1706,0.10066888481378555
1707,0.10224124789237976
1708,3.0835092067718506
1709,3.1720988750457764
1710,0.11354252696037292
1711,1.8407206535339355
1712,0.1
1713,0.1
1714,0.11089788377285004
1715,2.6978049278259277
1716,0.10648702085018158
1717,3.2498648166656494
1718,1.6635565757751465
1719,1.6582496166229248
1720,2.8573696613311768
1721,2.6966753005981445
1722,1.2351614236831665
1723,0.10715434700250626
1724,2.550138473510742
1725,0.1
1726,2.987013816833496
1727,2.5418930053710938
1728,3.024587869644165
1729,3.681117534637451
1730,2.7464380264282227
1731,6.577188968658447
1732,2.3050899505615234
1733,0.11146347969770432
1734,3.429109811782837
1735,0.10585368424654007
1736,3.860447406768799
1737,2.01662278175354
1738,2.751291275024414
1739,0.12001624703407288
1740,5.180126667022705
1741,0.1
1742,0.10625466704368591
1743,6.682386875152588
1744,0.11969522386789322
1745,1.7991217374801636
1746,3.3754382133483887
1747,5.3177056312561035
1748,3.0036351680755615
1749,2.927419424057007
1750,2.9388949871063232
1751,0.1
1752,3.548206329345703
1753,2.594928026199341
1754,3.218519687652588
1755,0.1
1756,0.1
1757,2.3566133975982666
1758,3.5571670532226562
1759,0.1
1760,1.8532311916351318
1761,5.253448963165283
1762,1.8770198822021484
1763,2.1931986808776855
1764,1.659376859664917
1765,7.087102890014648
1766,0.1
1767,3.771374464035034
1768,5.517356872558594
1769,1.23734450340271
1770,0.1
1771,3.82543683052063
1772,1.4268077611923218
1773,2.5777924060821533
1774,3.101959228515625
1775,2.9463751316070557
1776,1.1970621347427368
1777,1.8892546892166138
1778,3.7432775497436523
1779,0.1594672054052353
1780,0.1
1781,6.252707004547119
1782,3.1532225608825684
1783,0.10023345053195953
1784,2.401766538619995
1785,2.9444022178649902
1786,3.68709135055542
1787,3.5849769115448
1788,4.117423057556152
1789,3.4005138874053955
1790,4.23854398727417
1791,1.8687934875488281
1792,2.7931127548217773
1793,1.6716262102127075
1794,2.0006563663482666
1795,3.179783344268799
1796,0.10015608370304108
1797,1.6987745761871338
1798,5.96441650390625
1799,2.9123237133026123
1800,2.8637635707855225
1801,3.1826670169830322
1802,4.997589588165283
1803,4.811288356781006
1804,0.1
1805,0.1109544187784195
1806,2.607738971710205
1807,2.767399549484253
1808,0.10741005837917328
1809,5.668808937072754
1810,2.55232834815979
1811,0.11947527527809143
1812,0.1
1813,4.272329807281494
1814,3.146465539932251
1815,2.686039924621582
1816,3.4772534370422363
1817,0.1
1818,3.4387171268463135
1819,3.5283641815185547
1820,6.183632850646973
1821,2.684884786605835
1822,2.4994847774505615
1823,2.1729960441589355
1824,1.4603694677352905
1825,0.10400605946779251
1826,3.503286361694336
1827,2.97900390625
1828,0.10105718672275543
1829,0.1
1830,2.157285451889038
1831,2.049985408782959
1832,2.0233888626098633
1833,0.1
1834,0.1
1835,3.9434540271759033
1836,6.278172492980957
1837,1.7117983102798462
1838,2.8880562782287598
1839,5.493161678314209
1840,2.488750457763672
1841,0.1057625263929367
1842,0.1
1843,0.1
1844,1.957597017288208
1845,1.7792656421661377
1846,0.11067990213632584
1847,3.784053325653076
1848,0.12328404933214188
1849,1.9780352115631104
1850,0.1
1851,1.8361350297927856
1852,5.495977401733398
1853,2.0224504470825195
1854,1.9793485403060913
1855,2.613274574279785
1856,4.067505359649658
1857,2.219027519226074
1858,1.8216303586959839
1859,1.9495437145233154
1860,0.10621711611747742
1861,0.1
1862,1.5130549669265747
1863,1.8588590621948242
1864,2.549380302429199
1865,0.10648199170827866
1866,5.349184036254883
1867,5.36895227432251
1868,1.7292351722717285
1869,0.1
1870,3.888657569885254
1871,4.732822895050049
1872,1.6237173080444336
1873,2.0698928833007812
1874,6.485123634338379
1875,3.2863829135894775
1876,5.00469970703125
1877,3.3335165977478027
1878,2.70436954498291
1879,2.9519670009613037
1880,1.8050537109375
1881,5.373438835144043
1882,5.845552921295166
1883,2.813613176345825
1884,0.10422266274690628
1885,0.11156787723302841
1886,2.351327657699585
1887,2.7734720706939697
1888,3.819875955581665
1889,1.8852392435073853
1890,3.1781179904937744
1891,6.258689880371094
1892,2.9119861125946045
1893,0.1
1894,6.021212577819824
1895,3.9730308055877686
1896,4.310465335845947
1897,0.1
1898,4.673351764678955
1899,0.1
1900,0.1
1901,2.194204807281494
1902,0.11086014658212662
1903,3.35300874710083
1904,0.10573628544807434
1905,0.1
1906,4.340084075927734
1907,1.8190209865570068
1908,6.452547550201416
1909,0.10648659616708755
1910,2.502157211303711
1911,3.282832622528076
1912,0.10300774872303009
1913,3.2063119411468506
1914,3.9832229614257812
1915,2.9291844367980957
1916,3.1631407737731934
1917,3.285567283630371
1918,3.325479030609131
1919,2.9016940593719482
1920,1.7492597103118896
1921,0.10499706119298935
1922,2.9307048320770264
1923,6.335733413696289
1924,3.5234930515289307
1925,0.1
1926,0.10277242958545685
1927,0.1
1928,0.11118780076503754
1929,2.8880724906921387
1930,2.9071404933929443
1931,2.2920167446136475
1932,3.1297430992126465
1933,4.0126423835754395
1934,2.808748722076416
1935,1.7985954284667969
1936,3.708862066268921
1937,3.6764659881591797
1938,3.4300973415374756
1939,0.1
1940,0.1
1941,2.800520420074463
1942,0.1
1943,1.6511192321777344
1944,3.5380642414093018
1945,3.2012877464294434
1946,2.287330389022827
1947,1.7073414325714111
1948,2.1150994300842285
1949,2.3507611751556396
1950,0.10437099635601044
1951,0.11476446688175201
1952,3.183117151260376
1953,3.476431131362915
1954,0.1
1955,2.468700647354126
1956,5.476820468902588
1957,2.016975164413452
1958,2.28603196144104
1959,3.888592004776001
1960,5.3419060707092285
1961,3.7252862453460693
1962,0.1
1963,2.2855892181396484
1964,0.1
1965,2.9852423667907715
1966,1.9867055416107178
1967,0.10643665492534637
1968,3.864797592163086
1969,1.861472725868225
1970,3.019803524017334
1971,3.4511454105377197
1972,3.7729454040527344
1973,4.021452903747559
1974,3.6993229389190674
1975,1.8940038681030273
1976,0.10256819427013397
1977,1.4815630912780762
1978,4.124229431152344
1979,6.575922012329102
1980,0.11390117555856705
1981,0.1
1982,5.526318550109863
1983,0.1
1984,1.8466335535049438
1985,3.637967348098755
1986,2.1706600189208984
1987,3.5705323219299316
1988,2.519460678100586
1989,3.3946337699890137
1990,2.967188596725464
1991,3.6639716625213623
1992,3.686328411102295
1993,3.0090458393096924
1994,2.307190179824829
1995,3.1611435413360596
1996,1.9260225296020508
1997,0.1
1998,3.347989559173584
1999,3.738260507583618
2000,0.1
