wave_id,wait_time_ms,t_enter_band_ms,t_est_settle_ms,band_width,tail_p2p,tail_std,max_slope,pred_wait_time_ms,error_ms,abs_error_ms
1,1.5283242,1.27,1.22,0.000116791870407,0.0001123088287907,1.817652083195068e-05,50.34476246029012,1.5361393690109253,0.007815169010925382,0.007815169010925382
2,0.1,0.0,0.0,3.016313905246229e-11,3.0158410065759594e-11,1.0561796692850762e-11,9.854294121241084e-08,0.10071156919002533,0.000711569190025324,0.000711569190025324
3,3.3251932,2.74,3.35,0.015100601250273,0.015100601250273,0.001990644288461,3139.301600598543,3.225708484649658,-0.09948471535034198,0.09948471535034198
4,2.5992055,2.21,2.09,9.920884771789928e-05,9.272083337579644e-05,1.6970756580425736e-05,69.02189272777,2.483829975128174,-0.11537552487182623,0.11537552487182623
5,2.08257,1.77,1.78,0.1172815761062722,0.1068271928677546,0.0194579973231366,19355.176107568182,2.0793161392211914,-0.003253860778808626,0.003253860778808626
6,3.3582323,2.98,2.99,0.0482120966729517,0.0436524862872005,0.0086606741459928,32878.612758166164,3.30491042137146,-0.0533218786285401,0.0533218786285401
7,2.5047283,2.19,2.2,0.0479310906693299,0.0384190108652688,0.0080037434392123,77329.65000964355,2.3881478309631348,-0.11658046903686525,0.11658046903686525
8,1.579006,1.35,0.0,2.893737667099907e-09,2.293771781305861e-09,3.673236477628757e-10,0.0057534592155677,1.6559277772903442,0.07692177729034433,0.07692177729034433
9,2.3566604,2.11,2.32,0.0154098445563288,0.0147399581128411,0.0025867160812411,4030.51966521275,2.388949394226074,0.03228899422607423,0.03228899422607423
10,0.1,0.0,0.0,5.079158360635225e-07,3.8689088743413714e-07,8.908377989422283e-08,0.0022974760675517,0.11073093861341476,0.010730938613414759,0.010730938613414759
11,2.03008,1.74,1.81,0.0002324321105204,0.000187546940554,3.563593653352684e-05,108.8542727710695,1.8874057531356812,-0.14267424686431873,0.14267424686431873
12,3.8270369,3.64,3.6,0.0052356843958678,0.0044487500184331,0.0008098109246405,2432.5414800007825,3.937256097793579,0.11021919779357914,0.11021919779357914
13,0.1,0.0,0.0,2.246142141460709,2.246142141460709,0.8082116133961001,221113.42386384576,0.1,0.0,0.0
14,1.5293914,1.36,0.0,6.239914879017534e-09,5.081258299236147e-09,9.51322419957422e-10,0.0020586242323477,1.6444082260131836,0.11501682601318364,0.11501682601318364
15,2.2044032,1.76,1.68,6.681481858039628e-05,5.711721476819864e-05,1.0837130067561466e-05,82.24261274996994,1.9945688247680664,-0.20983437523193338,0.20983437523193338
16,1.9945323,1.57,1.64,0.0453605140928345,0.0310973663407025,0.0062071116659836,11349.564716113036,1.847520112991333,-0.14701218700866692,0.14701218700866692
17,3.0773745,2.76,1.62,1.975854147960067e-05,1.6844084614300175e-05,3.0597948483426213e-06,12.571581470209937,3.1863977909088135,0.10902329090881357,0.10902329090881357
18,4.0651684,3.79,4.12,0.0100647808913674,0.0092575145083326,0.0015915601151952,2487.227548973081,4.269334316253662,0.20416591625366198,0.20416591625366198
19,3.9637673,3.8,0.0,1.0334068160326026e-08,7.003007882853652e-09,1.6490318530413047e-09,0.0016074315896618,3.9479265213012695,-0.015840778698730684,0.015840778698730684
20,7.0915165,5.92,0.0,5.590936971889567e-09,5.590936971889567e-09,9.776793474355855e-10,0.0011633909310751,6.567263603210449,-0.5242528967895508,0.5242528967895508
21,0.1,0.0,0.0,0.6287112236740988,0.6287112236740988,0.2424552687296588,59535.933966370176,0.1,0.0,0.0
22,1.612783,1.36,1.02,2.342357793620048e-05,1.9481698516499862e-05,3.905698428684981e-06,23.476940522651365,1.586196780204773,-0.02658621979522713,0.02658621979522713
23,2.7465587,2.43,2.43,0.0075992351974214,0.0073859698693459,0.0013594049448243,1936.9840970854036,2.7851502895355225,0.03859158953552244,0.03859158953552244
24,2.1028454,1.95,2.0,0.0359796090449577,0.03063220800896,0.0063097477874659,56604.50687749403,2.2235138416290283,0.12066844162902823,0.12066844162902823
25,5.122432,4.92,4.93,0.0719657747156894,0.0661840568894014,0.0140010190725648,55350.71770653289,5.327782154083252,0.20535015408325208,0.20535015408325208
26,0.1,0.0,0.0,2.1372778835313966,2.1347992466637717,0.7344761855525751,211778.08236271288,0.1,0.0,0.0
27,3.1446326,2.86,0.0,6.267458542304768e-12,6.065472807719051e-12,9.090982384336652e-13,1.117896534762773e-05,3.0773632526397705,-0.06726934736022949,0.06726934736022949
28,7.488875,6.14,0.0,1.0732943621081864e-11,1.0732943621081864e-11,2.091856248670277e-12,1.8825450734499804e-06,6.851629734039307,-0.6372452659606935,0.6372452659606935
29,3.2721403,2.98,2.99,0.0954510420760712,0.0879199511515977,0.015724001332572,14426.438378262672,3.3103549480438232,0.03821464804382346,0.03821464804382346
30,2.8210478,2.67,0.0,4.879153952309112e-12,4.0701696141406126e-12,8.784601958498049e-13,2.334206410659235e-06,2.942891836166382,0.12184403616638173,0.12184403616638173
31,2.1510835,1.99,2.0,0.1736416799921301,0.1736416799921301,0.0314018572699339,69725.97953572046,2.2151906490325928,0.06410714903259285,0.06410714903259285
32,0.1,0.0,1.92,3.432324225490838,0.0330445742169516,0.0054380383561856,341059.81050059525,0.1959712654352188,0.0959712654352188,0.0959712654352188
33,1.8566413,1.45,1.45,0.0667541388293386,0.0528511558297211,0.0095465408132879,22026.51018948529,1.8336318731307983,-0.0230094268692016,0.0230094268692016
34,2.9790716,2.82,3.46,0.0686618521898694,0.0581946132130823,0.0091073703529607,34627.84807594232,3.2245254516601562,0.2454538516601561,0.2454538516601561
35,0.1,0.0,0.0,3.681199447458941e-07,3.679615674984748e-07,7.308585389481326e-08,0.0059579426936668,0.10378865897655487,0.003788658976554865,0.003788658976554865
36,3.1324964,2.43,2.44,0.0097843927671932,0.0089900431772305,0.0016831984335996,10225.53999500693,2.8040688037872314,-0.3284275962127685,0.3284275962127685
37,4.0325193,3.6,3.61,0.0941013874565968,0.0940612281846995,0.0174586724114863,14552.307731837998,4.066065311431885,0.03354601143188507,0.03354601143188507
38,2.2630293,2.08,0.0,2.88914600058041e-12,2.8004557102128185e-12,5.18849513397976e-13,1.3804107156534795e-06,2.451127052307129,0.188097752307129,0.188097752307129
39,0.1,0.0,0.0,1.561733908695082,1.5102821612568746,0.512176055154231,151851.01410718643,0.1,0.0,0.0
40,1.6495795,1.45,1.46,0.0632470715411628,0.0544613543074739,0.0095264515938416,81041.32403379098,1.6906630992889404,0.04108359928894045,0.04108359928894045
41,3.599356,2.83,1.59,8.137197976199745e-06,6.620169455499696e-06,1.343099200610274e-06,6.99101215736,3.259676694869995,-0.3396793051300051,0.3396793051300051
42,3.3353941,2.97,0.0,1.7031347790608172e-08,1.2385046528347226e-08,2.3785594120863606e-09,0.0026802928958866,3.412574529647827,0.07718042964782734,0.07718042964782734
43,3.8857038,3.14,3.14,0.0517344578047271,0.0477500148625118,0.0092939846788016,5813.628244623458,3.570749282836914,-0.31495451716308587,0.31495451716308587
44,3.0039809,2.76,0.0,4.135333169748626e-09,3.589923838198638e-09,6.561287149905276e-10,0.0055234923262006,3.1403634548187256,0.1363825548187254,0.1363825548187254
45,1.638462,1.48,1.44,6.557901764939894e-05,4.74619246857988e-05,9.557808639407447e-06,57.32214291808938,1.6614049673080444,0.02294296730804435,0.02294296730804435
46,0.1,0.0,0.0,6.367936742037941,6.366221685996628,1.6967281802303746,59753.80284713552,0.1,0.0,0.0
47,3.8373313,3.27,0.0,1.0044895860474724e-11,8.849285805195439e-12,1.6870206361797601e-12,1.993661093288005e-06,3.609121084213257,-0.22821021578674294,0.22821021578674294
48,1.963413,1.78,0.0,5.123179968846289e-12,4.4516188980346404e-12,8.149025234225779e-13,3.0537381282856825e-06,2.0953571796417236,0.13194417964172356,0.13194417964172356
49,3.1702278,2.72,2.32,3.858375265560106e-05,3.2606233269701426e-05,5.85133325803616e-06,26.60999838361,3.1211111545562744,-0.04911664544372574,0.04911664544372574
50,2.0611305,1.84,1.85,0.0233117886250386,0.0221699604303715,0.0040661262198271,11782.966396351212,2.185504674911499,0.12437417491149905,0.12437417491149905
51,2.8954222,2.79,0.0,3.45045837165237e-12,3.031290041408968e-12,5.218415938500038e-13,2.030514048814096e-06,3.151923656463623,0.256501456463623,0.256501456463623
52,5.262515,5.03,0.0,7.477333460775943e-09,6.545623871054239e-09,1.2765437170581394e-09,0.0025408671636253,5.412347793579102,0.14983279357910195,0.14983279357910195
53,0.1,0.0,0.0,0.0021830659384239,0.0020316856168843,0.0004829575115448,28.463070185669874,0.1,0.0,0.0
54,1.7452753,1.53,0.8,3.4349519359999376e-06,3.134823672700047e-06,5.735404271745745e-07,3.280950677046366,1.7280511856079102,-0.01722411439208993,0.01722411439208993
55,0.1,0.0,0.0,1.0731720378578358e-09,9.226377533594207e-10,4.008338804088135e-10,0.0001070610261359,0.10705072432756424,0.007050724327564234,0.007050724327564234
56,1.9496219,1.59,0.0,1.0489728451415187e-11,1.0489728451415187e-11,1.7805348556794765e-12,4.704272475549318e-06,1.9559438228607178,0.006321922860717866,0.006321922860717866
57,2.280175,2.08,2.09,0.101847074101375,0.0939815607826588,0.0173400405173514,46816.00764680187,2.3039515018463135,0.023776501846313636,0.023776501846313636
58,6.4915614,6.24,6.24,0.0248244835246236,0.0217659235722411,0.0043354006535412,19185.202484455043,6.524649620056152,0.033088220056152196,0.033088220056152196
59,3.7901995,3.48,3.53,0.0660598672956709,0.0561097020097207,0.0114551388257709,57873.44267425496,3.7351601123809814,-0.0550393876190185,0.0550393876190185
60,4.57039,3.82,3.82,0.0180786174063758,0.0180786174063758,0.0035565372250181,1770.972016729466,4.367434501647949,-0.2029554983520505,0.2029554983520505
61,0.1,0.0,0.0,10.029104077270295,8.847591845292293,1.8883143840421928,1001420.461456271,0.1,0.0,0.0
62,5.7545915,5.53,5.53,0.000387965252845,0.000387965252845,7.467231241285033e-05,482.55780065009,5.973897933959961,0.21930643395996086,0.21930643395996086
63,6.7607903,6.5,6.35,0.0199684752458111,0.0199684752458111,0.0040149314789643,3226.539995807087,6.810617446899414,0.04982714689941403,0.04982714689941403
64,6.305974,5.08,5.08,0.0066186711944995,0.0058394954157474,0.001150337864241,2390.834498968264,5.847841739654541,-0.45813226034545895,0.45813226034545895
65,1.7030253,1.35,1.43,0.059028380614535,0.0500068682834466,0.0103468880062066,17736.199884233625,1.6185786724090576,-0.08444662759094235,0.08444662759094235
66,0.1,0.0,0.0,4.183833547259999e-05,4.109998076910022e-05,1.4667547860116418e-05,0.1899596592399698,0.1,0.0,0.0
67,2.4659736,2.29,2.3,0.1065743214683863,0.1063864227056896,0.0183740849064836,111312.809329172,2.4526610374450684,-0.013312562554931517,0.013312562554931517
68,1.5495268,1.37,0.0,1.7320956434824393e-08,1.4851777784318991e-08,2.932868291525436e-09,0.021952520395268,1.6879304647445679,0.1384036647445679,0.1384036647445679
69,3.802085,3.57,0.0,5.006200328413728e-09,4.519315461363171e-09,8.227266083554298e-10,0.002103960716708,3.755479335784912,-0.04660566421508783,0.04660566421508783
70,0.1,0.0,0.0,7.531118354842846e-07,7.515660449117859e-07,2.3117136673405842e-07,0.0745459878989395,0.11126257479190826,0.011262574791908259,0.011262574791908259
71,0.1,0.0,0.0,7.889318136529997e-05,4.815944900189999e-05,1.908982696829508e-05,7.801972584470001,0.1,0.0,0.0
72,3.062778,2.92,0.0,1.2177022567769848e-11,1.2177022567769848e-11,2.596321724527168e-12,5.524220008179512e-06,3.2329962253570557,0.17021822535705589,0.17021822535705589
73,1.7137464,1.35,0.0,9.471846580668421e-09,6.950179679365217e-09,1.374372765722784e-09,0.0076989070384843,1.7793128490447998,0.0655664490447998,0.0655664490447998
74,1.8381789,1.71,1.62,2.739091072770025e-05,2.265154017920025e-05,3.900440760102747e-06,38.64030472853,1.8726260662078857,0.03444716620788579,0.03444716620788579
75,0.1,0.0,0.0,8.592640353444142e-07,5.393938669596581e-07,1.2361409045520844e-07,0.0856701697712823,0.11119632422924042,0.011196324229240412,0.011196324229240412
76,3.808723,3.38,0.0,4.111136487834557e-12,4.077061676886164e-12,7.209540531017442e-13,6.575916563429149e-07,3.8229501247406006,0.014227124740600505,0.014227124740600505
77,0.1,0.0,0.0,6.498410488423371,6.496108752535232,2.628067590868922,648113.5046808983,0.1,0.0,0.0
78,3.3741577,3.17,0.0,1.2266265908949992e-08,1.173757596956459e-08,2.328666548064816e-09,0.0044937341066189,3.4038281440734863,0.02967044407348629,0.02967044407348629
79,4.112134,3.9,3.92,0.0488992661604186,0.0407872496655414,0.0075737798731766,54574.13342081067,4.0301194190979,-0.08201458090209979,0.08201458090209979
80,2.7973156,2.28,2.91,0.0003579137643386,0.0002676789465614,5.232682168043029e-05,119.59883164746054,2.6695029735565186,-0.12781262644348157,0.12781262644348157
81,4.6372967,4.31,0.0,3.276473609380481e-12,2.875816426685515e-12,5.09517853586836e-13,1.0877689716636164e-06,4.78726053237915,0.14996383237915012,0.14996383237915012
82,3.8246803,3.54,0.0,8.379677677999535e-12,7.226545584638022e-12,1.3224028621372774e-12,5.800294053741746e-06,3.861372232437134,0.03669193243713398,0.03669193243713398
83,2.9981558,2.44,0.0,1.3029180592912695e-11,1.226589931595052e-11,2.3684693832300524e-12,3.0673114254398605e-06,2.8500821590423584,-0.14807364095764175,0.14807364095764175
84,0.1,0.0,0.0,1.0683298930861935,1.0595800066100054,0.224844585249761,7232.12592068485,0.1,0.0,0.0
85,1.6627287,1.44,1.47,0.0402943958686847,0.0287790700551369,0.0057503150364947,31706.11992655381,1.6911952495574951,0.02846654955749517,0.02846654955749517
86,4.7578487,3.95,4.01,0.043136489504242,0.0357432345320063,0.0071666007891818,5176.357341043314,4.590396404266357,-0.16745229573364284,0.16745229573364284
87,2.288749,1.88,2.04,0.0565102014767902,0.0382112566149501,0.0068536787478104,24185.65197635871,2.190554141998291,-0.09819485800170913,0.09819485800170913
88,2.4470646,2.04,2.42,0.0045266582717675,0.0045181191411565,0.0007437623267426,2426.1400693240007,2.381702184677124,-0.06536241532287601,0.06536241532287601
89,3.509783,3.32,3.3,0.0335783167644443,0.03018686486811,0.0065006993329824,30131.746136017853,3.5662503242492676,0.05646732424926748,0.05646732424926748
90,5.808562,5.39,0.0,1.0214910891968151e-11,7.834735805149135e-12,1.5599261369241357e-12,3.743973590096056e-06,6.034618377685547,0.22605637768554665,0.22605637768554665
91,1.7404197,1.58,1.58,0.102432044544038,0.0982781442260929,0.0180490329620831,166290.12539115996,1.7496930360794067,0.009273336079406835,0.009273336079406835
92,2.3773077,2.16,2.62,0.0695927756439402,0.0512319079570531,0.0108283670067237,51506.28522843822,2.386389970779419,0.009082270779419144,0.009082270779419144
93,2.2506993,1.83,1.84,0.0922203363337601,0.0844686104334542,0.0152464037703445,32054.316071717178,2.126774787902832,-0.12392451209716793,0.12392451209716793
94,0.1,0.0,0.0,2.07503600441303,1.1911390873585637,0.3960141144027623,207153.67579101183,0.1,0.0,0.0
95,3.2447064,2.87,2.95,0.0233059468257117,0.0204502874988001,0.0039046207576868,4518.90002483708,3.308236598968506,0.06353019896850576,0.06353019896850576
96,4.590707,4.24,4.32,0.0095504738938805,0.0087369713939136,0.0015202051312226,5989.926418399349,4.703205108642578,0.11249810864257803,0.11249810864257803
97,2.0953903,1.84,1.79,0.055134893154026,0.0492737565646841,0.0098616028027785,11908.489526363295,2.136862277984619,0.0414719779846191,0.0414719779846191
98,0.1,0.0,0.0,7.703647576071553,7.703647576071553,1.756757500988266,67788.94618005751,0.1,0.0,0.0
99,4.166601,4.0,4.01,0.0002327226417773,0.0001759757388243,3.7071479869105286e-05,140.16696013194988,4.148292541503906,-0.01830845849609375,0.01830845849609375
100,0.1,0.0,0.0,2.447490346298759e-07,1.541741458247385e-07,3.0203386990960124e-08,0.002193334664984,0.10600868612527847,0.006008686125278467,0.006008686125278467
101,3.3618565,3.14,3.15,0.0208562009768513,0.0202781702647971,0.0037413488058886,6982.541634787686,3.5130884647369385,0.15123196473693845,0.15123196473693845
102,0.1,0.0,0.0,7.145444520203796,7.119296862886344,1.7354030898973625,58117.391140324056,0.1,0.0,0.0
103,0.1,0.0,0.0,1.3563521962968648e-10,1.34859648693249e-10,4.785992336841907e-11,3.9784996502086434e-07,0.10776069015264511,0.0077606901526451055,0.0077606901526451055
104,6.0950828,4.96,0.0,1.3599920151388619e-11,1.3599920151388619e-11,2.927039499583699e-12,4.544212394971973e-06,5.467927932739258,-0.6271548672607423,0.6271548672607423
105,6.9346275,6.68,6.7,0.00055868279929,0.00055868279929,9.23919955099273e-05,262.0685682297785,6.756389141082764,-0.17823835891723672,0.17823835891723672
106,2.652473,2.12,0.0,1.4053194437888417e-11,1.1246188183106183e-11,2.160779413923001e-12,1.7284889010075978e-06,2.5199012756347656,-0.13257172436523446,0.13257172436523446
107,0.1,0.0,0.0,1.4373440718415085,1.4172083037375884,0.3801810062505557,15816.21239312021,0.1,0.0,0.0
108,3.941729,3.58,0.0,2.7951531482826386e-12,2.2477313492906948e-12,4.1921013669206923e-13,5.122593062159593e-07,3.9390041828155518,-0.0027248171844482805,0.0027248171844482805
109,0.1,0.0,0.0,1.8220468523110824,1.7928584038195154,0.4281773512601746,18115.90565019614,0.1,0.0,0.0
110,0.1,0.0,0.0,2.0269601457849903e-06,5.9027406033487745e-09,1.020328915939371e-09,0.2022520676563044,0.12001262605190277,0.020012626051902765,0.020012626051902765
111,3.8679638,3.49,0.0,2.388738065620474e-09,2.0169352657435243e-09,3.80500576779691e-10,0.0006540338845552,3.88799786567688,0.02003406567687982,0.02003406567687982
112,6.583095,5.86,5.84,0.0652111214639674,0.0605383281064249,0.0125070343821381,5163.495739793689,6.463791370391846,-0.11930362960815444,0.11930362960815444
113,3.2623897,2.89,0.0,4.869668735975311e-09,4.8125892956904895e-09,8.978499714098323e-10,0.0014948467879631,3.179147720336914,-0.08324197966308589,0.08324197966308589
114,3.4012022,3.16,1.97,7.667179963100242e-06,6.655920665899796e-06,1.262261350981515e-06,3.1968207331499463,3.515716075897217,0.11451387589721662,0.11451387589721662
115,3.8032148,2.91,2.92,0.0250759049220921,0.0250759049220921,0.0046615483461281,18410.55218203422,3.2914373874664307,-0.5117774125335695,0.5117774125335695
116,0.1,0.0,0.0,2.572499726477581,1.2234428867300622,0.4125768113190374,253577.74684662785,0.1,0.0,0.0
117,1.5364038,1.21,0.0,3.598189213394864e-09,3.218564984888225e-09,5.703068283331279e-10,0.0021892586979494,1.661401391029358,0.12499759102935792,0.12499759102935792
118,2.31371,2.11,0.0,1.982593748265522e-08,1.9275348388332324e-08,3.8065431365288415e-09,0.0088248552535432,2.4409987926483154,0.1272887926483155,0.1272887926483155
119,2.0689173,1.78,0.52,5.4103241095000525e-06,4.080901146100071e-06,8.888514635506853e-07,5.081674179770006,2.0867931842803955,0.01787588428039566,0.01787588428039566
120,3.2673624,3.1,3.52,0.157754077737124,0.1156856340912568,0.0244910761534267,112548.44904806907,3.3876593112945557,0.12029691129455555,0.12029691129455555
121,4.098391,3.58,0.0,3.566624293208886e-12,2.423480201958081e-12,4.818508901846304e-13,3.235899957286892e-07,4.034680366516113,-0.06371063348388706,0.06371063348388706
122,0.1,0.0,0.0,1.9437534150107166e-10,1.9433196601788096e-10,4.399473910130433e-11,3.939598047968862e-06,0.10458460450172424,0.004584604501724238,0.004584604501724238
123,2.6225297,2.36,2.39,0.0135044421307988,0.0112448856206386,0.0020155493058598,3336.9001584236275,2.8350884914398193,0.21255879143981948,0.21255879143981948
124,2.0175273,1.88,1.9,0.0005841059075503,0.0004691043160036,8.28168957712133e-05,702.57775594821,2.0463857650756836,0.028858465075683792,0.028858465075683792
125,0.1,0.0,0.0,1.418991162469613,0.9984259684292702,0.207034106518376,20901.656849626703,0.1,0.0,0.0
126,0.1,0.0,0.0,0.4382809550785538,0.4382397634922155,0.1596470848323127,935.1938108750344,0.1,0.0,0.0
127,0.1,0.0,0.0,0.92568879825712,0.84296404917459,0.2631785861735958,2767.1977950305404,0.1,0.0,0.0
128,0.1,0.0,0.0,5.52221428202715,3.640083069881911,0.6115347434063577,52386.478649921024,0.1,0.0,0.0
129,4.681419,4.44,4.27,9.84187981880047e-05,9.84187981880047e-05,1.983473241867382e-05,21.888036672559892,5.176088333129883,0.4946693331298828,0.4946693331298828
130,0.1,0.0,0.0,5.034189488150016e-10,5.034189488150016e-10,9.633176311772368e-11,5.430046953274876e-06,0.10348400473594666,0.0034840047359466497,0.0034840047359466497
131,2.0254002,1.85,0.0,2.579807836512694e-09,2.147896986672728e-09,3.9438464002012063e-10,0.0016795919823902,2.1502387523651123,0.12483855236511232,0.12483855236511232
132,7.2011266,6.56,0.0,1.0989129365840569e-12,1.0989129365840569e-12,2.0745842460274238e-13,7.373466737450457e-07,6.949990749359131,-0.2511358506408694,0.2511358506408694
133,4.0818706,3.62,0.0,5.410940063920774e-09,5.410940063920774e-09,1.1131761660205095e-09,0.000960447816959,4.004831314086914,-0.07703928591308618,0.07703928591308618
134,3.6021874,2.71,0.0,3.034372383112339e-09,2.898580528696727e-09,5.898700950539397e-10,0.0019770702443734,3.080873966217041,-0.521313433782959,0.521313433782959
135,0.1,0.0,0.0,5.647167277954608,5.642893378767141,2.244244977497402,562713.7014547478,0.1,0.0,0.0
136,4.6217155,3.88,0.0,9.521168262596278e-12,7.932627324425086e-12,1.4269947622965005e-12,1.2553002582388025e-06,4.352042198181152,-0.2696733018188473,0.2696733018188473
137,1.6309656,1.29,0.0,2.4819009938249997e-12,1.465090494312011e-12,3.044423229108305e-13,1.348927509921359e-06,1.6510674953460693,0.02010189534606943,0.02010189534606943
138,3.6048992,3.46,0.0,6.9688903135649845e-12,6.64639257565516e-12,1.186933214034682e-12,9.29700150337214e-06,3.681750774383545,0.07685157438354473,0.07685157438354473
139,1.7014772,1.39,0.0,6.486534506720372e-12,5.63064032538604e-12,1.1620576479144669e-12,1.4175571546598236e-05,1.785343050956726,0.08386585095672605,0.08386585095672605
140,1.6344545,1.51,1.52,0.0388893886981875,0.0367957655344284,0.0077528614920743,30365.11028356643,1.76096773147583,0.12651323147583016,0.12651323147583016
141,1.6464474,1.54,1.54,0.0191373761642132,0.0187178401344567,0.0034785673502339,9987.296733454086,1.7842971086502075,0.13784970865020751,0.13784970865020751
142,5.289361,4.51,0.0,1.0915067396563958e-11,1.0915067396563958e-11,1.948117908858836e-12,1.4688301809047674e-06,5.158565521240234,-0.13079547875976605,0.13079547875976605
143,1.6185555,1.28,1.34,0.0725308176194445,0.0606725899132456,0.0111041724706665,20026.307812515395,1.5650354623794556,-0.05352003762054447,0.05352003762054447
144,5.427128,5.2,0.0,7.906471669500717e-12,7.591178350681118e-12,1.312658313057973e-12,2.7701185564554512e-06,5.812884330749512,0.385756330749512,0.385756330749512
145,1.8857752,1.17,1.43,0.0783505832726163,0.0674630102204005,0.0125792615474478,130462.07229422854,1.449497938156128,-0.43627726184387217,0.43627726184387217
146,3.2961638,2.7,3.02,0.05537571472912,0.0351553515881306,0.0070719221517847,31105.418245304503,3.178971529006958,-0.11719227099304197,0.11719227099304197
147,0.1,0.0,0.0,1.563927225075929e-11,1.557614286707235e-11,5.678123576935032e-12,4.751394217530277e-08,0.10597363859415054,0.005973638594150538,0.005973638594150538
148,0.1,0.0,0.0,0.0620621466355733,0.0002327821281893,4.9113806395812886e-05,6185.868097202451,0.1,0.0,0.0
149,2.3044548,1.79,1.86,0.051848729813912,0.0440126097902293,0.0071954215677809,21835.941270029834,2.172929286956787,-0.1315255130432127,0.1315255130432127
150,7.264183,6.91,5.87,0.00742341536621,0.00742341536621,0.0012787108647976,2520.029919555533,7.025596618652344,-0.2385863813476563,0.2385863813476563
151,3.239681,2.94,2.97,0.0879940960258736,0.0747915672980426,0.0122357199382484,195893.28731711168,3.191615104675293,-0.048065895324707064,0.048065895324707064
152,3.4717216,3.31,3.32,0.0536916694084901,0.0499231502288637,0.0097819047379446,140067.1507033663,3.5145602226257324,0.04283862262573246,0.04283862262573246
153,6.219893,6.02,0.0,1.2630989105658786e-11,1.228041782778493e-11,2.546147754047224e-12,3.9605281009782175e-06,6.453303813934326,0.23341081393432628,0.23341081393432628
154,0.1,0.0,0.0,5.1300600172351977e-11,5.123587701503043e-11,1.940877725486562e-11,1.3442043361837676e-07,0.1,0.0,0.0
155,5.9168,5.69,0.0,9.645467011277984e-09,9.627894172661364e-09,1.86974085726971e-09,0.0057094892216638,6.013673305511475,0.09687330551147433,0.09687330551147433
156,3.093155,2.56,0.0,1.688669753080476e-09,1.4765581102985046e-09,2.661794550028846e-10,0.0016780410773461,3.004988670349121,-0.08816632965087878,0.08816632965087878
157,0.1,0.0,0.0,7.111419489897166,4.23133506707498,1.5207935704377231,707019.0038243318,0.1,0.0,0.0
158,3.0721166,2.19,0.49,4.681858269800152e-06,3.992242782599985e-06,6.95044524591569e-07,0.3696197463699986,2.6148548126220703,-0.4572617873779299,0.4572617873779299
159,4.4939966,4.13,4.24,0.103561258040898,0.0641339700878695,0.011062818731173,27652.310159243672,4.531639099121094,0.03764249912109374,0.03764249912109374
160,4.104695,3.87,3.89,0.0187475930435798,0.0172653660382362,0.0028406065922475,8272.556016645181,4.191351413726807,0.08665641372680621,0.08665641372680621
161,5.712758,4.96,5.05,0.026377148210436,0.0214800578694323,0.0039489476294098,6383.05875707914,5.653122901916504,-0.059635098083496096,0.059635098083496096
162,1.5746742,1.38,1.38,0.0654932106752888,0.0578231427832172,0.011890495176357,78635.42304579119,1.6214040517807007,0.04672985178070066,0.04672985178070066
163,0.1,0.0,0.0,6.2721059169724285,0.0257576009361173,0.0052861618791153,623091.4055310069,0.1,0.0,0.0
164,3.1612227,2.65,2.67,0.0028345715135176,0.0028163308201292,0.0005106553540171,596.4149515738314,3.18434476852417,0.02312206852416976,0.02312206852416976
165,0.1,0.0,0.0,7.629490660031084e-08,7.49134326975879e-08,2.61656159625084e-08,0.0001162264588344,0.10435332357883453,0.004353323578834528,0.004353323578834528
166,0.1,0.0,0.0,4.004529892104429e-07,3.997325600270929e-07,6.09447797685928e-08,0.0398801105453903,0.1109989583492279,0.0109989583492279,0.0109989583492279
167,2.3726768,2.01,0.0,8.813784930794182e-09,8.813784930794182e-09,1.495777314808194e-09,0.0030610780603949,2.331782102584839,-0.04089469741516094,0.04089469741516094
168,3.2492769,3.09,3.1,0.1197770859102078,0.0964136277367657,0.0202768156031083,195174.2095396585,3.342151403427124,0.09287450342712411,0.09287450342712411
169,1.9173613,1.73,0.0,6.264659372152145e-12,4.40673326536216e-12,9.400861812922154e-13,4.311822911405884e-06,2.05590558052063,0.13854428052062984,0.13854428052062984
170,5.9644966,5.22,5.45,0.0046173713699815,0.0046173713699815,0.0008231925106252,935.5844456444994,5.9405198097229,-0.02397679027709998,0.02397679027709998
171,3.344041,2.78,2.81,0.0002715707454022,0.0002226026617532,4.368245398115417e-05,280.2826727604199,3.1852943897247314,-0.15874661027526837,0.15874661027526837
172,5.675185,5.4,0.0,1.3215823758714144e-08,1.3215823758714144e-08,2.334737418828052e-09,0.0048071910767851,5.866269111633301,0.19108411163330086,0.19108411163330086
173,1.5201855,1.27,1.31,0.0003691153549909,0.0003626021847057,6.203517239878782e-05,181.72129177358164,1.491368293762207,-0.028817206237792936,0.028817206237792936
174,0.1,0.0,0.0,0.0002205665781408,0.0002203084876424,7.343413283494503e-05,0.4477150435200013,0.1,0.0,0.0
175,0.1,0.0,0.0,0.0015168150143551,0.0013629346264343,0.0005627059762652,149.70553818155,0.10105294734239578,0.001052947342395777,0.001052947342395777
176,4.0123615,3.68,3.82,0.0012692989653495,0.0007937057333641,0.0001481025134445,434.6173331253422,4.037346363067627,0.02498486306762704,0.02498486306762704
177,7.196675,5.74,5.74,0.0915296652659947,0.0915296652659947,0.0182723654483856,78184.89229954898,6.174903392791748,-1.0217716072082519,1.0217716072082519
178,1.9010303,1.67,1.69,0.0208396017236758,0.018881983356783,0.0032735875471667,4163.698888569556,1.9274938106536865,0.026463510653686573,0.026463510653686573
179,3.657735,3.42,0.0,1.1452976932502286e-08,1.0654353588339418e-08,1.7851974769684084e-09,0.0049729353917735,3.6437172889709473,-0.014017711029052915,0.014017711029052915
180,2.3587444,2.13,3.05,0.0249163394452729,0.0198158220228705,0.0033896699078107,28148.68256461338,2.4344451427459717,0.07570074274597172,0.07570074274597172
181,3.0663302,2.86,2.87,0.0083567361687695,0.0076959922065116,0.0013929891643414,20649.18726053805,3.1570115089416504,0.0906813089416505,0.0906813089416505
182,2.9517725,2.56,3.25,0.0712764379249009,0.0614423404916664,0.009504662819363,11628.433786363245,2.9789695739746094,0.027197073974609243,0.027197073974609243
183,5.2122183,4.12,0.0,1.2150419559115327e-09,1.2150419559115327e-09,1.942128265523126e-10,0.0005970951876715,4.488927841186523,-0.7232904588134765,0.7232904588134765
184,3.7475908,3.52,3.17,4.2800138816599664e-05,3.461868101049988e-05,6.887257025478182e-06,60.54399745511999,3.7322516441345215,-0.015339155865478737,0.015339155865478737
185,0.1,0.0,0.0,1.1819166745114705e-07,1.181089456892806e-07,2.750957376881779e-08,0.011610622168742,0.1055910661816597,0.005591066181659693,0.005591066181659693
186,4.1894984,3.74,4.71,0.0007826104029948,0.0004747405120036,0.0001005231895794,367.47246860359127,4.157101154327393,-0.032397245672607156,0.032397245672607156
187,2.7356036,2.24,0.0,2.1724271909174626e-12,1.7521106613584137e-12,3.497330787864207e-13,2.571831133200429e-06,2.6250298023223877,-0.11057379767761244,0.11057379767761244
188,2.1932619,1.87,0.0,1.7477443468148688e-12,1.6625133328426089e-12,2.855520018399376e-13,1.988661269487132e-06,2.2009756565093994,0.007713756509399428,0.007713756509399428
189,3.4251559,2.98,3.04,0.0005054881284129,0.0004276191942336,8.440572676830059e-05,268.1908544770184,3.4263217449188232,0.0011658449188232112,0.0011658449188232112
190,3.4737964,3.1,3.16,0.0267948473901498,0.0232869295714444,0.0043379793759589,19001.51040005369,3.488311767578125,0.014515367578125105,0.014515367578125105
191,0.1,0.0,0.0,0.2418919936387489,0.2411742255422586,0.0667738767457602,1514.2304445909358,0.1,0.0,0.0
192,0.1,0.0,0.0,0.0002993433196789,0.0001348656292102,4.010723481848887e-05,29.800317560780023,0.1,0.0,0.0
193,4.168018,3.96,0.0,1.7898114309078094e-09,1.5758392867912063e-09,3.1867200045533477e-10,0.0015563854455741,4.195034027099609,0.027016027099609374,0.027016027099609374
194,3.006024,2.0,1.08,3.222785295000025e-06,2.6538943651000218e-06,4.984230658777522e-07,2.4171822202806537,2.326676845550537,-0.6793471544494629,0.6793471544494629
195,2.4507616,2.09,2.13,0.0009431738429158,0.0009431738429158,0.0001517031444236,540.06318665176,2.2790467739105225,-0.1717148260894774,0.1717148260894774
196,0.1,0.0,0.0,2.281214476107152,2.080192457704708,0.687121310760292,226339.02868470945,0.1,0.0,0.0
197,3.427363,3.04,3.07,0.1248373848846284,0.1248373848846284,0.0201215152173917,170124.77334872453,3.30904483795166,-0.11831816204834,0.11831816204834
198,0.1,0.0,0.0,0.0343106999196139,0.0329417866741191,0.0070463426043923,781.9038229042784,0.1,0.0,0.0
199,2.359461,2.01,0.0,6.553204253956966e-12,5.358289374603587e-12,9.43325445413909e-13,4.973844667639967e-06,2.3992581367492676,0.03979713674926755,0.03979713674926755
200,2.6098654,2.13,2.51,0.0396982163668582,0.0331757563827039,0.0060359039428633,36042.81030184992,2.496971607208252,-0.11289379279174794,0.11289379279174794
201,5.401549,5.02,0.0,1.0931525222457197e-08,8.603784962858323e-09,1.5770198665525983e-09,0.0084459247196359,5.376100063323975,-0.025448936676025546,0.025448936676025546
202,4.3464007,4.14,0.0,3.1002942828452146e-11,2.6495142078140456e-11,5.285389326592268e-12,1.6096789485259193e-05,4.449069976806641,0.1026692768066404,0.1026692768066404
203,3.5179038,3.02,1.46,3.2382267838998446e-06,2.412850915599948e-06,4.982857094599469e-07,1.9663476732400145,3.419797658920288,-0.09810614107971194,0.09810614107971194
204,2.2134235,1.85,0.0,3.91107819102558e-12,3.6602309078327454e-12,6.024043289700502e-13,3.1811685643328632e-06,2.209857702255249,-0.003565797744751187,0.003565797744751187
205,4.860586,4.29,0.0,6.153746076759676e-12,6.153746076759676e-12,9.883466169964522e-13,2.4412321679031382e-06,4.895520210266113,0.03493421026611365,0.03493421026611365
206,3.1385438,2.45,0.0,2.3928635200518257e-11,2.1190699991837608e-11,3.758476747383519e-12,2.4808146881854404e-05,2.8483726978302,-0.2901711021697997,0.2901711021697997
207,5.8592257,5.26,5.26,0.0484069901327046,0.0484069901327046,0.0078290941706513,4569.452063697099,5.939868450164795,0.08064275016479527,0.08064275016479527
208,5.303032,5.02,0.0,1.0931281790398254e-09,1.0931281790398254e-09,1.7364606530907044e-10,0.0004110790593957,5.558975696563721,0.25594369656372074,0.25594369656372074
209,4.015631,3.79,3.8,0.0359413194337889,0.0359413194337889,0.0059636865694199,34032.27553926994,3.9368507862091064,-0.0787802137908935,0.0787802137908935
210,4.569077,4.27,0.0,1.1979341827070487e-11,9.616901494797318e-12,1.7434160306696377e-12,8.001263521636036e-06,4.614506721496582,0.045429721496581976,0.045429721496581976
211,5.069237,4.6,2.25,5.380526102200141e-06,5.135494744800111e-06,9.051179012984002e-07,3.6213701202199817,5.162899494171143,0.09366249417114236,0.09366249417114236
212,0.1,0.0,0.0,1.7640741932147854,1.6818223179580103,0.6403274500088756,174878.07382706142,0.1,0.0,0.0
213,1.905979,1.7,1.72,0.0417743679974194,0.0369999349590628,0.0070213464379906,22550.807838547367,1.953384518623352,0.04740551862335196,0.04740551862335196
214,0.1,0.0,0.0,4.342815852521269e-10,3.3814962232622594e-10,8.756913161103828e-11,2.913271327420933e-06,0.10204122960567474,0.002041229605674738,0.002041229605674738
215,0.1,0.0,0.0,0.0283876996200778,0.0193959163864238,0.0086533009699012,2832.50170911154,0.1,0.0,0.0
216,0.1,0.0,0.0,0.7421238661384013,0.7421238661384013,0.2210651652960787,73886.36186899529,0.1,0.0,0.0
217,7.133181,5.33,5.34,0.0890483744908365,0.0884657794804937,0.0158089351690121,37332.86701702099,5.945629596710205,-1.1875514032897954,1.1875514032897954
218,4.0240054,3.48,3.58,0.081870229318838,0.0775593273501442,0.0135177411976724,47431.69951733676,3.8173930644989014,-0.2066123355010987,0.2066123355010987
219,2.515836,2.04,1.12,1.1753193162700008e-05,9.61184074849998e-06,1.8107836954040664e-06,6.153303187879985,2.3994498252868652,-0.11638617471313495,0.11638617471313495
220,2.1565504,1.82,1.81,0.0006824488192236,0.0006059654984961,0.0001058395885954,77.37273874338645,2.1587207317352295,0.0021703317352295137,0.0021703317352295137
221,3.4488332,1.98,0.0,1.1810466104286797e-08,1.1098883080787526e-08,2.0277904076968223e-09,0.009237465699411,2.410226821899414,-1.038606378100586,1.038606378100586
222,3.5046751,3.25,0.0,3.491775645557499e-12,2.7017970129730075e-12,5.033710285062287e-13,3.166621140943757e-06,3.4887402057647705,-0.015934894235229535,0.015934894235229535
223,0.1,0.0,0.0,1.1750493749894848e-06,3.1657554593537613e-07,1.4174884888146869e-07,0.1172264201577432,0.11088268458843231,0.010882684588432306,0.010882684588432306
224,3.0666277,2.53,0.0,6.862790895580938e-12,6.591087630055757e-12,1.400482595839304e-12,5.045760495402294e-06,2.8297011852264404,-0.23692651477355975,0.23692651477355975
225,0.1,0.0,0.0,0.0145883067196179,0.0048183695832944,0.001197846175976,1438.1191683448978,0.1,0.0,0.0
226,1.7143794,1.5,1.22,2.994827156090063e-05,2.325673830520097e-05,4.497113129889521e-06,11.294251277730108,1.7282829284667969,0.013903528466796766,0.013903528466796766
227,2.3436003,2.19,0.0,1.619990797106285e-09,1.5154364832377927e-09,2.6312601235151996e-10,0.0020062745894315,2.5627663135528564,0.2191660135528566,0.2191660135528566
228,6.3132424,5.93,6.1,0.0004415148429206,0.00034082317492,6.192509410421701e-05,81.99703528418699,6.4886064529418945,0.1753640529418945,0.1753640529418945
229,0.1,0.0,0.0,0.2543712033581888,0.2543210983951818,0.084156764130792,518.4621769465102,0.1,0.0,0.0
230,3.7225676,3.37,0.0,3.5523163045305448e-12,3.2643476542977503e-12,6.038763303609313e-13,1.1489997016838394e-06,3.762303352355957,0.039735752355956944,0.039735752355956944
231,6.1542764,5.81,5.95,0.0345551346894303,0.0271221308585651,0.0051785927225662,13288.468755978043,6.2515950202941895,0.0973186202941898,0.0973186202941898
232,1.9853164,1.63,1.64,0.0704954723769475,0.0652967913789552,0.0125498335476676,56944.86847550877,1.9641802310943604,-0.02113616890563974,0.02113616890563974
233,5.581241,5.25,5.25,0.0175739209251339,0.0175739209251339,0.0030163328486191,2146.496128928987,5.89400577545166,0.3127647754516598,0.3127647754516598
234,2.2351859,2.06,0.0,8.69268532435862e-09,6.902080045563401e-09,1.3145592607294543e-09,0.0090279211999085,2.370842933654785,0.13565703365478532,0.13565703365478532
235,0.1,0.0,0.0,3.943497261239153e-10,1.9894495494537463e-10,6.131459362599395e-11,3.9352802782970666e-05,0.10627882927656174,0.0062788292765617315,0.0062788292765617315
236,6.531551,5.89,6.15,0.0088976188054541,0.0088976188054541,0.0013273299455109,2231.063347755224,6.4474101066589355,-0.08414089334106478,0.08414089334106478
237,2.7188964,2.35,2.39,0.1023653740505352,0.0815488612011492,0.0157194889517806,24835.082658820796,2.676687002182007,-0.04220939781799338,0.04220939781799338
238,0.1,0.0,0.0,5.404494469526117,3.461429178999836,0.6746072709829529,537361.3907374302,0.1,0.0,0.0
239,2.2958844,2.04,0.0,1.4201593809380602e-08,8.754071470060689e-09,1.597604090697812e-09,0.0120654359115757,2.3478610515594482,0.05197665155944842,0.05197665155944842
240,2.9955893,2.86,2.87,0.0527144495499847,0.0527144495499847,0.0092689647984187,39741.00445124604,3.142871379852295,0.14728207985229513,0.14728207985229513
241,2.588952,2.34,2.35,0.0728609825505302,0.0690051673773055,0.0127626406925031,31368.33370851945,2.6088409423828125,0.01988894238281258,0.01988894238281258
242,2.9460237,2.5,2.51,0.0468919463441679,0.0391206343796781,0.0076315266287277,11731.316375473,2.8681066036224365,-0.0779170963775635,0.0779170963775635
243,0.1,0.0,0.0,0.1824268104357145,0.0097139170105293,0.0019202039529304,17055.402788766827,0.1,0.0,0.0
244,2.2459722,1.93,0.0,3.1077077392964172e-09,2.516047700815214e-09,5.032047182736956e-10,0.0010912658984898,2.311859369277954,0.0658871692779539,0.0658871692779539
245,3.3365376,2.61,0.0,6.326356371878111e-09,4.1765533127625405e-09,8.66447361738445e-10,0.0004154328090639,3.146354913711548,-0.19018268628845236,0.19018268628845236
246,0.1,0.0,0.0,3.743304329527272e-07,3.530182070799895e-07,9.790860968751729e-08,0.0370510020115127,0.1115192323923111,0.01151923239231109,0.01151923239231109
247,2.019311,1.88,0.0,9.839111191065214e-09,7.456046393304442e-09,1.4591812749254494e-09,0.0125851633609358,2.184973955154419,0.16566295515441887,0.16566295515441887
248,1.845439,1.73,0.0,6.695613849738766e-12,5.905349937836756e-12,1.1492417569701412e-12,4.813400937587402e-06,2.053004741668701,0.20756574166870112,0.20756574166870112
249,2.4587417,2.12,2.2,0.0321804584471721,0.0270290055773614,0.0045333040814487,35797.29204949551,2.4322991371154785,-0.026442562884521514,0.026442562884521514
250,2.710866,2.46,0.0,1.37348108079638e-08,1.1705942796012752e-08,2.390211007602105e-09,0.0082346939319249,2.7753987312316895,0.06453273123168923,0.06453273123168923
251,4.079559,3.47,0.0,7.1165555168608376e-12,6.202473152430686e-12,1.230703940335366e-12,1.3515755896300218e-06,3.8438758850097656,-0.2356831149902341,0.2356831149902341
252,3.2124772,2.85,0.0,3.344215381529996e-12,2.762363893831e-12,4.833513554484258e-13,7.382036548004509e-07,3.1372313499450684,-0.07524585005493156,0.07524585005493156
253,5.4313045,4.54,4.51,0.0007525202760612,0.0007338008376077,0.0001492040777321,423.20733737864,5.064961910247803,-0.3663425897521977,0.3663425897521977
254,2.9701033,2.56,2.62,0.0585287208047873,0.0545586208287289,0.0104417067606373,44914.23814062756,2.908308267593384,-0.0617950324066161,0.0617950324066161
255,2.035897,1.85,0.0,7.778170302657961e-09,6.9881460639756405e-09,1.4149238775506816e-09,0.0165724465040318,2.1883676052093506,0.15247060520935074,0.15247060520935074
256,5.4596624,4.4,4.42,0.0905678439635764,0.0875813830896987,0.0137097817166467,7902.40085558409,5.1284685134887695,-0.3311938865112305,0.3311938865112305
257,2.8280256,2.6,2.36,5.729398992750101e-05,5.004918497770322e-05,9.562485658061697e-06,34.41716024897983,2.9629597663879395,0.1349341663879393,0.1349341663879393
258,3.1640959,2.62,2.14,6.712904872229614e-05,6.173081515889467e-05,9.454689102353457e-06,28.3220159929598,3.1246581077575684,-0.0394377922424316,0.0394377922424316
259,2.3654296,2.16,2.17,0.1006375979592704,0.0759757407729111,0.0149805079421609,64782.80062388045,2.359640598297119,-0.0057890017028809915,0.0057890017028809915
260,4.105259,3.2,3.3,0.0909204479245104,0.0909204479245104,0.015382837851872,14292.928611521203,3.6754894256591797,-0.4297695743408205,0.4297695743408205
261,2.6780121,2.19,2.21,0.0017826088674796,0.0013072494644321,0.0002350605061685,1456.6956975209043,2.5360476970672607,-0.14196440293273938,0.14196440293273938
262,3.3050354,2.59,4.67,0.0107654328364872,0.0055912879116322,0.0010747585073741,7605.687779050679,3.086773157119751,-0.21826224288024898,0.21826224288024898
263,3.0754843,2.6,1.72,1.1274005699500251e-05,1.1192236199599956e-05,1.6958437798058765e-06,8.651674069110049,2.9887242317199707,-0.08676006828002913,0.08676006828002913
264,4.104364,3.44,3.55,0.0135597404918588,0.0128799396287178,0.0023039626050332,3829.890677828906,3.9040725231170654,-0.20029147688293492,0.20029147688293492
265,0.1,0.0,0.0,1.4863636756343794,1.4831076101742229,0.5235729339847498,2760.7600012025555,0.1,0.0,0.0
266,0.1,0.0,0.0,0.3125800182468294,0.3122052394014005,0.082235263651048,2307.338327061803,0.1,0.0,0.0
267,4.5417786,4.27,0.0,4.939573783242925e-09,4.6959477735739595e-09,7.217640811051166e-10,0.0148486755805605,4.444246292114258,-0.09753230788574196,0.09753230788574196
268,0.1,0.0,0.0,1.4706168312102606e-07,8.590724742736649e-08,2.9268465828948695e-08,0.0144939046714155,0.11122950166463852,0.011229501664638514,0.011229501664638514
269,1.7076896,1.38,1.4,0.0197797496619376,0.0176186423965045,0.0032530422302142,12379.285684269802,1.6229145526885986,-0.08477504731140129,0.08477504731140129
270,0.1,0.0,0.0,1.7291999515716832,0.0309609231167726,0.0061062948124108,170228.17588672828,0.1,0.0,0.0
271,7.4453197,6.8,6.95,0.0812521407241249,0.0812521407241249,0.0143489484286546,13735.985033299869,7.2515153884887695,-0.19380431151123023,0.19380431151123023
272,3.002712,2.82,0.0,5.417052176018957e-09,4.872470631235241e-09,9.88829249503458e-10,0.0030958718077998,3.0793988704681396,0.07668687046813982,0.07668687046813982
273,2.475595,2.25,2.25,0.0744623859858819,0.066623170221753,0.0132643964620767,50837.98458773713,2.506101131439209,0.030506131439208772,0.030506131439208772
274,0.1,0.0,0.0,0.1961743080112015,0.1935274929017101,0.0718590734896984,885.5346123175067,0.1,0.0,0.0
275,2.8588815,2.43,1.71,1.8627875744999314e-05,1.8627875744999314e-05,3.229931071016321e-06,3.897439667580049,2.802957773208618,-0.05592372679138169,0.05592372679138169
276,0.1,0.0,0.0,4.921423325649973e-05,3.471146665169969e-05,9.673155750672891e-06,0.1756488484899992,0.1,0.0,0.0
277,0.1,0.0,0.0,0.3057367318548887,0.2752857142918268,0.0843231861702995,30396.61767266568,0.1,0.0,0.0
278,7.237971,5.23,0.0,2.5674473251124865e-12,2.5674473251124865e-12,4.5289670247135403e-13,1.414570912409567e-07,6.296175003051758,-0.9417959969482421,0.9417959969482421
279,0.1,0.0,0.0,0.2236609100908584,0.2218389445473096,0.0750097447348793,609.4519391639963,0.1,0.0,0.0
280,3.6670432,2.96,0.0,1.0533543870029432e-08,6.892955907709997e-09,1.3320175154500583e-09,0.006734118957199,3.2280917167663574,-0.43895148323364275,0.43895148323364275
281,1.7015536,1.57,1.58,0.0513606974524663,0.0452928623556196,0.0103576725155196,35642.42450331576,1.8273671865463257,0.12581358654632568,0.12581358654632568
282,2.226926,2.05,2.06,0.0294999334426435,0.0237783738785068,0.0049404891224468,45073.52219681096,2.293916702270508,0.06699070227050763,0.06699070227050763
283,2.2608447,1.94,2.37,0.0270767046908773,0.0269777784134142,0.004429511543581,15470.42117668198,2.2832839488983154,0.02243924889831561,0.02243924889831561
284,1.7454659,1.44,0.48,3.981752426700062e-06,2.7188778306999183e-06,5.906740067216568e-07,3.316880451969997,1.6537551879882812,-0.09171071201171865,0.09171071201171865
285,5.9862814,5.71,5.72,0.0851804744604791,0.0695215356277039,0.0122960228981498,92342.47905417634,6.066689968109131,0.08040856810913066,0.08040856810913066
286,1.9936792,1.77,1.82,0.0155359825102436,0.0133147061339791,0.0025469540651052,4276.045032310627,1.999973177909851,0.0062939779098509785,0.0062939779098509785
287,3.2020683,2.81,2.82,0.0747002899882005,0.0736867447255704,0.013501278092174,7831.854215126554,3.1443982124328613,-0.05767008756713876,0.05767008756713876
288,0.1,0.0,0.0,0.0257945946253347,0.0257903699257465,0.0061011113630216,141.17202334299748,0.10007240623235703,7.24062323570196e-05,7.24062323570196e-05
289,3.609442,3.26,0.93,2.021809287499916e-06,1.966432203999967e-06,3.4100227975290133e-07,0.3264025418300061,3.611152410507202,0.0017104105072021092,0.0017104105072021092
290,0.1,0.0,0.0,1.051584934773027,1.051584934773027,0.2492784590123639,5388.170006381542,0.1,0.0,0.0
291,3.959908,3.57,0.0,4.267850058154689e-12,3.761810477923445e-12,6.12709407366377e-13,3.0525397086519003e-06,3.917182207107544,-0.04272579289245604,0.04272579289245604
292,5.2118974,4.69,4.72,0.0617703633372741,0.0445529679880465,0.0086816544315081,33423.02720814984,5.235234260559082,0.02333686055908224,0.02333686055908224
293,0.1,0.0,0.0,0.0011655831133607,0.0004717418682746,0.0001657634392499,115.91907286072994,0.10101470351219177,0.001014703512191767,0.001014703512191767
294,1.9553196,1.57,1.67,0.0429354157053012,0.035839207505866,0.0061943007814971,12583.554289799536,1.8384418487548828,-0.11687775124511712,0.11687775124511712
295,2.2801409,2.09,0.0,2.3006920448782772e-09,2.2711961438457595e-09,3.7666097345516573e-10,0.0015364777561666,2.483794689178467,0.20365378917846666,0.20365378917846666
296,3.8760893,2.4,0.0,4.406713218425457e-09,3.833647440933003e-09,7.094302277258422e-10,0.002253080923449,2.8407044410705566,-1.0353848589294432,1.0353848589294432
297,5.4360356,4.76,4.77,0.0283096123651525,0.0283096123651525,0.0050303936940198,11827.324809047466,5.435874938964844,-0.00016066103515655072,0.00016066103515655072
298,2.4366374,2.12,2.14,0.0197180032792587,0.0183050873458583,0.0032169306371513,33155.54011059767,2.4037156105041504,-0.03292178949584956,0.03292178949584956
299,5.9659157,5.66,5.56,0.0001179468846746,0.0001099665985819,2.024658569322132e-05,38.217063053100006,6.204439640045166,0.23852394004516597,0.23852394004516597
300,1.6242524,1.44,0.0,1.5599650039306506e-12,1.3052054942804416e-12,2.718308735216393e-13,8.85765885893808e-07,1.7656000852584839,0.14134768525848385,0.14134768525848385
301,3.187513,2.85,2.85,0.0523321518207851,0.04976474729024,0.0093547952814709,13707.934107912932,3.210186243057251,0.022673243057250936,0.022673243057250936
302,2.8792498,2.74,0.0,1.1112836147705128e-12,1.0175662668191174e-12,1.691221052476427e-13,4.576944264219885e-07,2.9423606395721436,0.06311083957214336,0.06311083957214336
303,0.1,0.0,0.0,8.310048137536329e-07,7.239619773587225e-07,2.486229923594412e-07,0.0823360890949293,0.11118939518928528,0.011189395189285273,0.011189395189285273
304,3.319482,2.63,2.65,0.0006137753241918,0.0005759699421389,0.0001153493643378,206.69856739226609,3.1304986476898193,-0.18898335231018049,0.18898335231018049
305,0.1,0.0,0.0,5.466793583250261e-07,5.466793583250261e-07,2.504551922775986e-07,0.0541260303433579,0.11099781841039658,0.01099781841039657,0.01099781841039657
306,0.1,0.0,0.0,1.0703733248967734e-06,1.0701895316720395e-06,4.330230417383317e-07,0.1068267268233056,0.11141063272953033,0.011410632729530329,0.011410632729530329
307,3.5437074,3.37,0.0,5.102190393878952e-12,4.289162600789615e-12,8.352059788934845e-13,4.220924414748651e-06,3.5050506591796875,-0.038656740820312674,0.038656740820312674
308,3.4215338,2.46,2.47,0.1018805020685746,0.1018805020685746,0.0180602139085484,146298.28896851206,2.7244176864624023,-0.6971161135375978,0.6971161135375978
309,0.1,0.0,0.0,0.9045207270719616,0.8232989731867022,0.2671851210052064,2519.766463558426,0.1,0.0,0.0
310,2.3142872,1.84,1.85,0.023215852974399,0.0174838627758049,0.0038679912438496,5516.896416403405,2.1435189247131348,-0.1707682752868651,0.1707682752868651
311,4.9395847,4.0,0.0,3.724721058224564e-12,2.9457175435898078e-12,5.03778561491823e-13,6.773783291596351e-07,4.535186290740967,-0.40439840925903336,0.40439840925903336
312,0.1,0.0,0.0,5.5117572986471946e-11,3.9891566671805627e-11,1.1472681259421329e-11,5.449790659410095e-06,0.10877762734889984,0.008777627348899836,0.008777627348899836
313,6.4758635,5.28,0.0,8.938568132862497e-12,7.600024936512505e-12,1.5685747633007266e-12,4.182959181576575e-07,6.212108135223389,-0.2637553647766113,0.2637553647766113
314,1.8169652,1.62,1.43,4.254321349250051e-05,3.735175411679823e-05,6.611830601598879e-06,30.458393609670075,1.8600757122039795,0.043110512203979434,0.043110512203979434
315,2.0883708,1.88,0.0,4.082119748459625e-09,3.9414709475291246e-09,7.730606189955914e-10,0.007736433746736,2.2442667484283447,0.15589594842834487,0.15589594842834487
316,0.1,0.0,0.0,1.1565873780975431e-10,1.1565873780975431e-10,4.473383553271576e-11,1.613179987366117e-07,0.10640380531549454,0.006403805315494532,0.006403805315494532
317,2.1777914,2.01,1.43,7.55113458190005e-06,7.55113458190005e-06,1.6479286154932189e-06,11.774693334405807,2.3504419326782227,0.17265053267822283,0.17265053267822283
318,4.0802026,3.63,3.64,0.1388200668143753,0.1259431420709802,0.0233889160084762,58308.81513358505,3.856759786605835,-0.22344281339416483,0.22344281339416483
319,5.615598,4.61,4.04,8.31383564389998e-05,7.663197484480272e-05,1.2969962675899882e-05,9.057450147769568,5.420105934143066,-0.1954920658569339,0.1954920658569339
320,2.6299083,2.27,2.29,0.0429987861001848,0.0353055176264263,0.0072743099752232,9036.027404242472,2.618192195892334,-0.011716104107665881,0.011716104107665881
321,3.9729488,3.7,0.0,3.1494464499064176e-12,2.5943413899533418e-12,5.275641169698175e-13,2.0995085447804723e-06,4.015317916870117,0.04236911687011702,0.04236911687011702
322,2.5702152,2.32,2.34,0.0328968818110659,0.0255590329413983,0.0047164519526737,15193.601271110423,2.687208652496338,0.11699345249633808,0.11699345249633808
323,3.308645,3.14,0.0,9.859761619833436e-12,9.600106188998098e-12,1.6023258704684477e-12,8.112961106962399e-06,3.3654215335845947,0.05677653358459489,0.05677653358459489
324,0.1,0.0,0.0,1.1740933871332514e-09,1.113820844239874e-09,2.1371680312746464e-10,1.0552575669527064e-05,0.10570449382066727,0.005704493820667261,0.005704493820667261
325,0.1,0.0,0.0,4.259715249384611e-08,4.259715249384611e-08,1.5339017054614618e-08,9.837200354410172e-05,0.10413049906492233,0.004130499064922327,0.004130499064922327
326,0.1,0.0,0.0,0.0091366110440606,0.0091321181793936,0.0017553628055243,62.593547004489984,0.1,0.0,0.0
327,7.4580092,6.87,6.86,0.0551138892297871,0.0551138892297871,0.0107090460171121,28978.90260467264,7.033035755157471,-0.4249734448425295,0.4249734448425295
328,2.870263,2.51,1.76,1.5137436533399842e-05,1.2383993451199268e-05,2.1011847529558933e-06,22.842778615300013,2.875675916671753,0.005412916671752921,0.005412916671752921
329,0.1,0.0,0.0,0.0055831593245586,0.0055557746839418,0.0018583688627422,15.408047355860989,0.1,0.0,0.0
330,3.510398,3.31,0.0,1.2853814183768103e-11,1.0245240128880874e-11,1.919689130847573e-12,9.01924541751408e-06,3.6325764656066895,0.12217846560668955,0.12217846560668955
331,2.1504805,2.08,0.0,7.570321509922239e-12,6.322594631986224e-12,1.0512158444255546e-12,4.947083052507689e-06,2.4541025161743164,0.3036220161743164,0.3036220161743164
332,3.4608324,3.26,0.0,9.657259016847805e-12,6.682158299505183e-12,1.3884128519322836e-12,3.440561902711991e-06,3.5024023056030273,0.0415699056030272,0.0415699056030272
333,2.6799233,2.52,2.54,0.1776104231911546,0.1160781479819164,0.0236184866345724,133006.13141179376,2.6975245475769043,0.01760124757690429,0.01760124757690429
334,0.1,0.0,0.0,1.6978590745296245,1.6683085867428744,0.5707306232600504,3513.078251988588,0.1,0.0,0.0
335,0.1,0.0,0.0,2.983380930258715,2.9331101526748995,0.7780708790731574,40068.22264372047,0.1,0.0,0.0
336,0.1,0.0,0.0,2.2694686805564217,2.2602051575005504,0.7013912709126872,224442.2284419414,0.1,0.0,0.0
337,3.2917235,2.84,2.89,0.0002990208498717,0.0002655072230887,4.597100402310185e-05,236.3687243371215,3.2495484352111816,-0.04217506478881816,0.04217506478881816
338,0.1,0.0,0.0,0.0007290899035924,0.0007217538219402,0.0001811145248017,5.850184807439789,0.1003558561205864,0.0003558561205863897,0.0003558561205863897
339,3.9409904,3.55,3.16,0.0001553985337783,0.0001441969782542,2.357705657312642e-05,95.1583022712102,3.913116693496704,-0.027873706503295903,0.027873706503295903
340,3.8384185,3.16,3.49,0.016297463279554,0.0134921872687883,0.0031537684457164,22729.487679346377,3.545497179031372,-0.2929213209686279,0.2929213209686279
341,3.7945044,2.87,3.08,0.0676433188949019,0.0624484288573867,0.0097618726961247,8653.264442985175,3.390587329864502,-0.40391707013549816,0.40391707013549816
342,0.1,0.0,0.0,1.534943281744404,1.4645470288839988,0.4599520262272593,3117.785028558017,0.1,0.0,0.0
343,3.631212,2.88,1.57,1.2633763058999409e-05,1.068299657300091e-05,2.1166149369276647e-06,4.110648219099976,3.420809268951416,-0.2104027310485841,0.2104027310485841
344,1.653647,1.51,1.51,0.011390115242897,0.0104099309841032,0.0023000911512021,4814.043554214686,1.742751121520996,0.089104121520996,0.089104121520996
345,6.107815,4.96,4.93,0.0011776845758646,0.0011776845758646,0.0002263434235574,357.9185747174418,5.76561975479126,-0.3421952452087407,0.3421952452087407
346,2.1293795,1.99,2.63,0.0172365953715809,0.0121632565860609,0.0021877560134875,12796.985721251627,2.1741669178009033,0.04478741780090312,0.04478741780090312
347,0.1,0.0,0.0,0.007206621607165,0.0071856770755295,0.003013836936165,711.08652108475,0.1,0.0,0.0
348,7.035198,6.67,0.0,4.659319527706064e-12,4.659319527706064e-12,9.469282540659284e-13,1.48674231594018e-06,7.104899883270264,0.06970188327026339,0.06970188327026339
349,3.2780287,2.74,3.27,0.0233227111446243,0.0204536805651045,0.0034431366876656,12170.0692627158,3.2552525997161865,-0.022776100283813605,0.022776100283813605
350,2.8313165,2.56,2.62,0.008157806962366,0.007888310325038,0.0013776715268219,2152.328861848573,3.073948860168457,0.24263236016845724,0.24263236016845724
351,0.1,0.0,0.0,1.725938782701277,1.7251798481995344,0.4723592791961061,16201.68553337926,0.1,0.0,0.0
352,1.5490859,1.33,0.51,3.6002492441998026e-06,3.6002492441998026e-06,5.423908311200383e-07,0.9999605491999972,1.5852752923965454,0.036189392396545506,0.036189392396545506
353,0.1,0.0,0.0,4.6834743355663655e-11,4.619015644117464e-11,1.5513421300252152e-11,1.554252013431199e-07,0.10285499691963196,0.0028549969196319525,0.0028549969196319525
354,1.8551551,1.53,1.54,0.0106133252296327,0.0099728260462601,0.0016037667555444,6474.670557555483,1.8302922248840332,-0.024862875115966743,0.024862875115966743
355,3.566977,3.15,2.21,1.6677867908199834e-05,1.5545265999099972e-05,3.2765490149922377e-06,5.277282551629895,3.48075795173645,-0.08621904826354987,0.08621904826354987
356,3.6120775,3.39,3.4,0.0949255307317216,0.0949255307317216,0.0196312874187827,41712.70567856239,3.665894031524658,0.05381653152465837,0.05381653152465837
357,2.7884486,1.91,0.0,3.244368212855181e-09,2.8771580672501244e-09,5.662636157018732e-10,0.0047558778408078,2.330500841140747,-0.4579477588592531,0.4579477588592531
358,3.6435885,3.2,3.2,0.0808271343041653,0.072171020482088,0.0148724473739791,172152.6760382345,3.498776435852051,-0.14481206414794912,0.14481206414794912
359,2.3965287,2.08,0.0,1.9056205255059575e-12,1.5764390190224937e-12,2.7867321008164165e-13,1.103426752578358e-06,2.4518120288848877,0.05528332888488752,0.05528332888488752
360,4.373218,3.97,0.0,1.898486821320995e-09,1.7752739170879835e-09,3.455827723520901e-10,0.0005085427211454,4.328683376312256,-0.044534623687743746,0.044534623687743746
361,2.2075942,1.87,0.0,1.4839533072771763e-11,8.543091410276321e-12,1.715010254735946e-12,1.8699979912677065e-05,2.223198175430298,0.0156039754302979,0.0156039754302979
362,3.6971083,3.54,3.54,0.0263323978018803,0.0263323978018803,0.0052249965343703,4821.215009112567,3.800572395324707,0.10346409532470702,0.10346409532470702
363,2.3250465,1.99,1.94,0.0365379836660046,0.0358240815396122,0.0077319258273907,5014.913735098858,2.31406831741333,-0.010978182586669938,0.010978182586669938
364,2.83776,2.68,2.71,0.101305556503533,0.0816291805674964,0.0139285061057912,142214.23698111737,2.8987796306610107,0.061019630661010904,0.061019630661010904
365,2.3502185,2.09,0.0,4.202399515760597e-12,3.6299201936938243e-12,6.763635453587392e-13,6.707904516234941e-06,2.461393117904663,0.1111746179046631,0.1111746179046631
366,1.908159,1.68,1.68,0.0775561231950945,0.0775561231950945,0.0156977644901054,59734.27925556577,1.9623072147369385,0.05414821473693854,0.05414821473693854
367,3.5991347,3.27,2.71,3.5345507989701513e-05,2.525270779799721e-05,5.425404420175433e-06,6.136249329339801,3.765265941619873,0.16613124161987303,0.16613124161987303
368,3.0235724,2.7,0.0,9.548178784684266e-09,9.048195447719444e-09,1.6136921926336983e-09,0.0079998322377111,2.972503662109375,-0.05106873789062494,0.05106873789062494
369,1.7180758,1.39,1.43,0.0010008815284789,0.0008503352593121,0.0001554850775537,175.63660848282092,1.622017502784729,-0.09605829721527104,0.09605829721527104
370,3.7567403,3.31,3.37,0.0460795199008146,0.043025985044629,0.0073936626690067,12608.871647524466,3.661127805709839,-0.09561249429016128,0.09561249429016128
371,5.102123,4.65,4.64,0.1110081666290483,0.1110081666290483,0.0199160540268476,168974.63050050772,4.904018878936768,-0.19810412106323216,0.19810412106323216
372,3.2903662,2.89,2.41,7.973580430080396e-05,5.902463291669602e-05,1.2089248920446534e-05,72.7201412088499,3.275099992752075,-0.015266207247924601,0.015266207247924601
373,2.542321,2.08,0.0,3.6669316321246646e-09,3.365542927660516e-09,6.167877719561634e-10,0.0006010051479236,2.4792723655700684,-0.06304863442993147,0.06304863442993147
374,3.1203372,2.43,0.0,1.570574535976619e-11,1.4856630535045824e-11,2.2798221295010543e-12,4.028854355859157e-06,2.935957908630371,-0.18437929136962872,0.18437929136962872
375,5.3421755,4.27,1.37,5.786660846300237e-06,5.786660846300237e-06,1.1791912453303932e-06,1.305193209919994,4.992547988891602,-0.3496275111083982,0.3496275111083982
376,5.744077,5.35,5.32,0.052806776728449,0.052806776728449,0.010202544492825,11256.210898826956,5.830045700073242,0.08596870007324231,0.08596870007324231
377,3.0709329,2.48,0.0,1.3043799241499132e-08,1.1966901317836569e-08,2.405803593946131e-09,0.0062352833691307,2.987088918685913,-0.08384398131408677,0.08384398131408677
378,1.5796143,1.44,0.0,4.227196871040268e-09,3.73241545551041e-09,7.957969927585707e-10,0.0039816962101689,1.7288068532943726,0.14919255329437253,0.14919255329437253
379,4.0478363,3.6,0.0,4.679211511685003e-12,3.3937315652004567e-12,5.937043688871906e-13,2.584546657343218e-06,3.9838955402374268,-0.06394075976257341,0.06394075976257341
380,6.787395,5.68,0.0,3.938355433540244e-09,3.938355433540244e-09,7.56582344103113e-10,0.0006391788797531,6.239109039306641,-0.5482859606933594,0.5482859606933594
381,0.1,0.0,0.0,0.0003125666987286,0.000303987140592,5.656613742136545e-05,2.4568592084299974,0.1,0.0,0.0
382,3.0057147,2.85,0.0,4.433183409197487e-09,4.030309007890985e-09,7.196685464135837e-10,0.0017642720822926,3.2407190799713135,0.23500437997131352,0.23500437997131352
383,0.1,0.0,0.0,6.387974840847555,6.27466763791039,1.431080179757477,62362.84372466158,0.1,0.0,0.0
384,0.1,0.0,0.0,2.3764347185727246,2.339843829769073,0.6164425521568414,26759.678020206225,0.1,0.0,0.0
385,4.123961,3.76,0.0,1.2357590215053811e-08,1.059077412305371e-08,2.1316123374594727e-09,0.0039670366055574,4.022571563720703,-0.10138943627929731,0.10138943627929731
386,4.5137553,4.36,4.36,0.0437408179119387,0.0373717998581248,0.0074400587383471,40140.241607517964,4.665374279022217,0.1516189790222171,0.1516189790222171
387,5.764231,4.46,4.47,0.0412772479645777,0.0412772479645777,0.0068611125850835,20797.87222352468,5.0049147605896,-0.7593162394104,0.7593162394104
388,3.584096,3.24,0.0,2.2915627461919057e-11,2.2915627461919057e-11,4.318162702202054e-12,1.099231598735406e-05,3.575610399246216,-0.00848560075378435,0.00848560075378435
389,4.3392215,3.99,2.68,3.426749868570139e-05,3.426749868570139e-05,6.513542944745785e-06,16.90012132646995,4.58865213394165,0.24943063394165055,0.24943063394165055
390,4.1110406,3.52,3.6,0.0645012252060368,0.0478048519420752,0.0084567605001718,18988.764713630244,3.9976449012756348,-0.11339569872436517,0.11339569872436517
391,3.2708054,3.03,0.0,2.41693095711078e-09,2.41693095711078e-09,3.972291024055477e-10,0.0006055983542936,3.3021090030670166,0.03130360306701663,0.03130360306701663
392,1.8458551,1.64,0.0,1.4788988535125474e-09,1.054083429731221e-09,2.1723767906002377e-10,0.0003878959921957,2.013991355895996,0.168136255895996,0.168136255895996
393,1.7725571,1.66,2.07,0.0979675411089147,0.0770163318961962,0.0153116456229678,125180.24244587056,1.8109856843948364,0.03842858439483643,0.03842858439483643
394,2.0484138,1.8,1.76,0.0001073290621337,9.504742764500362e-05,1.828858140288964e-05,32.82873565125105,2.0074989795684814,-0.04091482043151862,0.04091482043151862
395,4.0043383,3.37,3.48,0.0007324024657834,0.0004901830512469,9.271920923498104e-05,207.15821488873075,3.796990394592285,-0.20734790540771453,0.20734790540771453
396,3.7472897,3.54,3.56,0.0341707629133267,0.0307737466960063,0.005952850177583,24941.23700742534,3.7855281829833984,0.03823848298339838,0.03823848298339838
397,0.1,0.0,0.0,0.0005322375171233,0.0005318841811987,0.0002105343187822,53.10674192448997,0.10033837705850601,0.0003383770585060064,0.0003383770585060064
398,2.6646824,2.52,0.0,1.2028748808505495e-11,1.0860806126710436e-11,2.0595347931383177e-12,7.569364135569989e-06,2.8095924854278564,0.14491008542785666,0.14491008542785666
399,7.3287387,7.06,0.0,7.890284300352428e-12,7.890284300352428e-12,1.376283010866553e-12,1.2575695415095282e-06,7.292453289031982,-0.036285410968017295,0.036285410968017295
400,3.918075,3.36,3.36,0.0363066889442222,0.0340101876702512,0.0059219570700553,5455.362287067089,3.7940945625305176,-0.1239804374694824,0.1239804374694824
401,3.0992844,2.55,0.0,4.2298003942394105e-09,3.0802578902287462e-09,6.482364139374099e-10,0.0023608558067861,3.039973735809326,-0.05931066419067399,0.05931066419067399
402,3.5591006,3.29,0.0,1.729137195851983e-12,1.630809483332043e-12,3.1663320961813705e-13,1.5545890485433532e-06,3.5405755043029785,-0.01852509569702132,0.01852509569702132
403,2.4284964,2.19,0.0,2.0512847552925504e-09,1.942921860921201e-09,3.655774382668024e-10,0.0016595569713728,2.570673942565918,0.14217754256591775,0.14217754256591775
404,3.5727859,3.35,0.0,2.5941017418287812e-09,2.485838433635613e-09,4.0544027052473687e-10,0.0007801739889957,3.6861679553985596,0.11338205539855961,0.11338205539855961
405,3.000349,2.26,2.24,0.015114427386095,0.0125474768149054,0.0024280047235054,4884.096022996687,2.7020649909973145,-0.2982840090026855,0.2982840090026855
406,3.088026,2.89,0.0,1.0979006904411653e-08,9.978881256965078e-09,1.8432310692671422e-09,0.009915550537784,3.13716197013855,0.049135970138549645,0.049135970138549645
407,0.1,0.0,0.0,8.197669082151741e-11,8.013494819616716e-11,1.844104664058771e-11,1.166690650236574e-06,0.105084627866745,0.0050846278667449896,0.0050846278667449896
408,4.7868805,4.26,4.44,0.0419261622201148,0.0380375472396323,0.00804261809628,8060.400269189926,4.774871826171875,-0.01200867382812465,0.01200867382812465
409,3.9639044,3.81,3.82,0.0469175022409587,0.0422332760886874,0.0075130596598228,101126.27737420856,3.928617477416992,-0.03528692258300792,0.03528692258300792
410,4.51766,4.29,4.29,0.0598989162604191,0.0593661046226934,0.0115407082424006,31348.269778989383,4.562042236328125,0.04438223632812477,0.04438223632812477
411,3.6640103,2.98,3.09,0.0636668646667359,0.0503596365889933,0.0079802372127751,5927.806212310571,3.527005195617676,-0.13700510438232438,0.13700510438232438
412,0.1,0.0,0.0,1.4445386448095351e-06,9.085447493794068e-07,3.8166792591936373e-07,0.1438533588231954,0.11189264804124832,0.011892648041248316,0.011892648041248316
413,0.1,0.0,0.0,3.155314381424219e-08,3.0740446833174376e-08,1.0382606783023954e-08,6.449207286096327e-05,0.10356525331735611,0.003565253317356104,0.003565253317356104
414,1.5882565,1.3,1.33,0.0003076907020732,0.0003076907020732,5.056268732810971e-05,184.33105132197863,1.4979443550109863,-0.09031214498901363,0.09031214498901363
415,0.1,0.0,0.0,6.61077623537593,0.0537784704517463,0.0081285496202154,658426.303686604,0.1,0.0,0.0
416,4.123035,3.91,3.92,0.1108037418587244,0.1108037418587244,0.0190851979731283,293028.21584822616,4.0911970138549805,-0.031837986145019315,0.031837986145019315
417,1.6228821,1.49,1.5,0.0007487839113881,0.0006982496019599,0.0001503017583996,825.8480149530199,1.6430704593658447,0.020188359365844732,0.020188359365844732
418,3.1534805,2.48,2.6,0.0332299468733339,0.0276154118401201,0.0049904306868385,4781.925822694788,2.972904682159424,-0.1805758178405763,0.1805758178405763
419,3.472009,3.02,0.0,3.558610697672081e-09,2.9125597191359843e-09,5.007944702966142e-10,0.001683929860496,3.4247820377349854,-0.04722696226501455,0.04722696226501455
420,2.7136636,2.47,0.0,7.394343254431379e-09,5.7060902010598605e-09,1.17057707092152e-09,0.0040872044699144,2.8859267234802246,0.17226312348022477,0.17226312348022477
421,1.8078618,1.5,1.51,0.0455523377069759,0.0433005122707541,0.0071864175414965,11005.433765848948,1.776860237121582,-0.031001562878417932,0.031001562878417932
422,0.1,0.0,0.0,0.7957355909465029,0.7922700236610432,0.2819542486106041,1658.2882652830476,0.1,0.0,0.0
423,0.1,0.0,0.0,7.253935716809236e-10,7.253127696560575e-10,2.372531403374895e-10,7.235603007421746e-05,0.10644806176424026,0.006448061764240259,0.006448061764240259
424,2.8007698,2.43,3.07,0.0588261067829805,0.0534376793222577,0.0097179257025944,16406.141327588128,2.8029191493988037,0.002149349398803846,0.002149349398803846
425,2.830619,2.36,0.0,4.920276904503513e-09,3.412132558792089e-09,6.878096295516515e-10,0.0035431634870088,2.714329719543457,-0.11628928045654296,0.11628928045654296
426,2.0651438,1.82,0.0,2.20776796125541e-09,1.5032389460712159e-09,2.735642231271116e-10,0.0011548562708761,2.1951749324798584,0.13003113247985842,0.13003113247985842
427,3.4069881,3.05,3.23,0.059586173689496,0.0556755286374084,0.009519667366524,9270.1760508902,3.508420944213867,0.10143284421386722,0.10143284421386722
428,0.1,0.0,0.0,2.0292111821187326e-10,2.0278232098448203e-10,6.838593843839685e-11,2.024337609072648e-05,0.10536989569664001,0.005369895696640009,0.005369895696640009
429,2.2408895,1.75,1.76,0.0210582611736942,0.0171313092394225,0.0032263603231275,11028.012921504524,2.1140003204345703,-0.1268891795654299,0.1268891795654299
430,4.0192795,3.57,3.57,0.0081218789929513,0.0071841147226665,0.0012669266033389,2874.0760620611813,4.00994348526001,-0.009336014739989906,0.009336014739989906
431,3.9557304,3.42,3.55,0.0313368003534009,0.0237715448000486,0.0045372188929236,3196.674661930032,3.8966434001922607,-0.05908699980773946,0.05908699980773946
432,5.767413,5.26,0.0,3.46058928574246e-09,3.46058928574246e-09,6.757375497936197e-10,0.0008248671416425,5.903318881988525,0.13590588198852505,0.13590588198852505
433,1.6993849,1.33,1.34,0.05713419981263,0.0562470131587033,0.0105222423466538,26455.79685313848,1.6478606462478638,-0.05152425375213632,0.05152425375213632
434,3.826934,3.27,3.32,0.0005466968610359,0.0005381883702623,9.43436684226344e-05,223.28649197925208,3.678591251373291,-0.14834274862670904,0.14834274862670904
435,0.1,0.0,0.0,3.844035712521616e-10,3.820704414025592e-10,1.377410372097121e-10,8.886407508527331e-07,0.1,0.0,0.0
436,2.4704282,2.23,2.24,0.0083028460987799,0.0075417315057499,0.0012977161342099,3817.484585399544,2.576712131500244,0.10628393150024396,0.10628393150024396
437,0.1,0.0,0.0,1.5217529902728558e-10,1.5119707096069752e-10,5.1670247835652326e-11,3.4069977986597696e-07,0.1075708419084549,0.0075708419084548895,0.0075708419084548895
438,1.820341,1.41,0.0,1.4021438302606072e-11,1.1980810865299456e-11,2.1813362784681736e-12,1.0715441575405855e-05,1.7991547584533691,-0.021186241546630846,0.021186241546630846
439,2.400796,1.89,1.91,0.0682929687408844,0.0421919812845743,0.0088484920480004,6730.606053500309,2.314282178878784,-0.08651382112121597,0.08651382112121597
440,0.1,0.0,0.0,2.0183655784230083,2.0070899267302664,0.7308301851723471,3771.747267681746,0.1,0.0,0.0
441,2.9684281,2.78,4.22,0.06553639212256,0.0506269571068926,0.0092615007094891,23601.76941687157,3.2738380432128906,0.3054099432128905,0.3054099432128905
442,0.1,0.0,0.0,4.121913988642383,4.121912015142236,0.9700303607272622,409555.9015746616,0.1,0.0,0.0
443,0.1,0.0,0.0,0.0025954184812797,0.0025439083835352,0.0005542153866942,37.97212618244991,0.1,0.0,0.0
444,0.1,0.0,0.0,9.980099077596421e-08,9.95878067211396e-08,3.5191512441055235e-08,0.0002262497205231,0.10438507795333862,0.0043850779533386175,0.0043850779533386175
445,3.6702402,3.54,4.23,0.0002636084949291,0.0001979170175063,3.833808621095237e-05,85.64900704049055,3.7425148487091064,0.0722746487091066,0.0722746487091066
446,1.7891535,1.6,1.61,0.0233107677211457,0.0222549431563656,0.0039620023453082,19111.619656833765,1.8697657585144043,0.08061225851440423,0.08061225851440423
447,2.695061,2.45,2.5,0.0615386364505923,0.0566533905352386,0.0089846899312788,21217.899788938863,2.799116611480713,0.10405561148071296,0.10405561148071296
448,3.5438266,3.38,0.0,9.886602117104424e-09,7.196295060061748e-09,1.5219928653347688e-09,0.0068786419126404,3.5386877059936523,-0.005138894006347705,0.005138894006347705
449,2.9923346,2.66,0.0,8.33401997630737e-10,6.408043343222524e-10,1.2315311036567763e-10,0.0007786491725115,3.0623252391815186,0.0699906391815186,0.0699906391815186
450,5.631266,5.29,5.23,0.0480208126795744,0.0471471852501963,0.009257456387794,26204.98367562476,5.817666530609131,0.18640053060913075,0.18640053060913075
451,0.1,0.0,0.0,3.624636246023085e-11,3.034583957020862e-11,8.469762980800937e-12,3.369958933070793e-06,0.10847805440425873,0.008478054404258722,0.008478054404258722
452,0.1,0.0,0.0,1.9152272432933875e-10,1.7605743075299806e-10,5.451953027986885e-11,1.889697146635497e-05,0.10850459337234497,0.008504593372344965,0.008504593372344965
453,3.010175,2.8,2.8,0.0476495095725759,0.0410155690024005,0.0082683201329447,25128.415480792653,3.1162784099578857,0.10610340995788592,0.10610340995788592
454,3.169208,2.74,2.97,0.0369161792658232,0.0298043178105302,0.0055032211630391,15362.058484952711,3.148611545562744,-0.020596454437255662,0.020596454437255662
455,3.5593145,3.4,0.0,7.478015945162218e-12,4.983718581715857e-12,9.790267618220284e-13,2.841812942332478e-06,3.5944974422454834,0.03518294224548324,0.03518294224548324
456,4.407625,3.41,0.0,4.125845838281972e-09,3.077542823678001e-09,6.336607794050214e-10,0.00027169212531,3.8871243000030518,-0.5205006999969486,0.5205006999969486
457,4.0627832,3.78,0.0,9.700608066627968e-12,8.299382963379705e-12,1.3894352061127141e-12,4.975123300915574e-06,4.005159378051758,-0.05762382194824234,0.05762382194824234
458,1.6371735,1.44,1.21,2.609635727600021e-05,2.4533274773400407e-05,4.3792646936192585e-06,40.49820558406999,1.6346344947814941,-0.0025390052185059186,0.0025390052185059186
459,3.3746288,2.9,0.0,2.416084157455243e-12,2.054490205663521e-12,4.1832941999823424e-13,6.485376322651273e-07,3.175825834274292,-0.198802965725708,0.198802965725708
460,3.1211412,2.81,3.08,0.0334134974795929,0.0279022331503497,0.0052102377299056,6265.488433168542,3.2565383911132812,0.1353971911132814,0.1353971911132814
461,1.947193,1.57,1.7,0.0527557935744766,0.0395189464714604,0.0079867688924276,57526.55894244682,1.8804699182510376,-0.06672308174896235,0.06672308174896235
462,0.1,0.0,0.0,0.9798749190866012,0.6837700315963104,0.2705613805236075,95289.77818106732,0.1,0.0,0.0
463,3.8749313,3.36,3.38,0.0337512155914492,0.0280993208772741,0.0058029108415294,48336.31039564445,3.655484676361084,-0.2194466236389161,0.2194466236389161
464,0.1,0.0,0.0,0.2641563838953149,0.2640807848010099,0.0761035220379884,26324.22969110553,0.1,0.0,0.0
465,0.1,0.0,0.0,1.8497559471100896e-10,1.5258843527333369e-10,5.182158147097181e-11,1.83798402900264e-05,0.11689499765634537,0.016894997656345362,0.016894997656345362
466,5.2319713,5.06,5.05,0.0040269743235386,0.0040269743235386,0.0007938129463001,9033.62743564988,5.413177967071533,0.18120666707153354,0.18120666707153354
467,0.1,0.0,0.0,0.0007238741501797,0.0007237474265484,0.0002774434350713,71.65767562959998,0.10064586997032166,0.0006458699703216497,0.0006458699703216497
468,2.0643458,1.92,0.0,2.4888195082573034e-08,1.9045577041922835e-08,3.242139747422116e-09,0.0180053325763447,2.2324767112731934,0.16813091127319346,0.16813091127319346
469,2.7752182,2.61,1.79,5.364746431399869e-06,4.266263371500122e-06,7.35652640742476e-07,4.0456276834444544,2.9873995780944824,0.21218137809448256,0.21218137809448256
470,3.3020236,2.55,0.0,2.194667911975328e-11,1.5537490331513223e-11,3.091579427427423e-12,8.862457078110486e-06,2.9685475826263428,-0.3334760173736573,0.3334760173736573
471,0.1,0.0,0.0,0.0007373929043013,0.000735964623048,0.0002607716327693,1.501899604900228,0.10061394423246384,0.0006139442324638311,0.0006139442324638311
472,3.14565,2.96,1.51,2.9680340357001508e-06,2.319144138399976e-06,4.275928732905041e-07,2.1135398287419163,3.297140598297119,0.1514905982971193,0.1514905982971193
473,5.7637877,5.53,0.0,1.473222675700027e-06,1.240188407200006e-06,2.516260568388957e-07,0.4644503654899949,5.836371421813965,0.07258372181396489,0.07258372181396489
474,4.458748,3.47,3.56,0.0799307290134763,0.0663163336600405,0.0126231570054717,8301.936794849495,4.03073263168335,-0.4280153683166503,0.4280153683166503
475,2.4325242,2.06,0.0,2.5287987202329133e-12,2.522135181446416e-12,4.805431462051371e-13,3.644467777502445e-07,2.365597724914551,-0.06692647508544924,0.06692647508544924
476,3.491667,3.27,3.28,0.0684159775473567,0.0457566371399167,0.0107329699445383,49247.64998438575,3.5722458362579346,0.0805788362579345,0.0805788362579345
477,6.9977574,6.77,6.77,0.0002282347860659,0.0002282347860659,4.599893578972518e-05,137.50462776474998,6.8908467292785645,-0.10691067072143579,0.10691067072143579
478,1.8392869,1.52,1.58,0.0829983600936259,0.0593535515349188,0.0122282568562356,33518.15646860743,1.8618252277374268,0.0225383277374267,0.0225383277374267
479,3.509102,2.87,3.24,0.0411672066932382,0.0372634032334033,0.0065018121073931,26382.49908533936,3.363443613052368,-0.14565838694763178,0.14565838694763178
480,3.8565598,3.33,0.0,3.7486992494964566e-12,3.562263792560525e-12,6.70098606330574e-13,4.711467682970488e-06,3.5825843811035156,-0.27397541889648425,0.27397541889648425
481,0.1,0.0,0.0,3.4917261235104977,1.6007252291411795,0.1008189999738971,348631.7505457075,0.1,0.0,0.0
482,0.1,0.0,0.0,0.0754964392436501,0.0385101693429859,0.0153305461468118,7286.865395198338,0.1,0.0,0.0
483,5.541652,5.41,0.0,3.604532812741435e-09,3.149829851515062e-09,5.760834748041654e-10,0.0050656314474499,5.808109760284424,0.2664577602844238,0.2664577602844238
484,6.361599,6.19,6.16,0.0464563169643597,0.0464563169643597,0.008972133645052,110956.6878559946,6.334322929382324,-0.027276070617675785,0.027276070617675785
485,0.1,0.0,1.16,1.4604390665430245,0.0272538881235746,0.0052902155946285,144063.00897250473,0.16474303603172302,0.06474303603172302,0.06474303603172302
486,2.270356,1.99,0.0,1.1147792323391717e-12,1.1018924798178578e-12,2.316390400361042e-13,9.466748331676758e-07,2.3241748809814453,0.05381888098144527,0.05381888098144527
487,3.5971005,2.85,3.19,0.0371065900637042,0.0371065900637042,0.0059423193425828,5480.193030795277,3.3813388347625732,-0.21576166523742657,0.21576166523742657
488,4.697533,4.15,0.0,3.0519829630384573e-09,2.6869285497404827e-09,4.896831882912141e-10,0.001375925973421,4.559296131134033,-0.13823686886596676,0.13823686886596676
489,0.1,0.0,0.0,1.90143399223993,1.898319761761968,0.5803240023965889,189146.67732805127,0.1,0.0,0.0
490,0.1,0.0,0.0,0.8350682263066496,0.830401400337653,0.0733422433143805,82503.16488875987,0.1,0.0,0.0
491,5.845835,4.29,2.99,4.064054071859988e-05,3.705722253519866e-05,7.118113399543187e-06,27.856843921495305,4.885372638702393,-0.9604623612976075,0.9604623612976075
492,5.9152775,5.6,5.81,0.0348802737875217,0.0313341297086786,0.0054402473096996,8690.35934152329,6.1083598136901855,0.19308231369018536,0.19308231369018536
493,2.6159217,2.22,2.2,0.1235138482542694,0.1030949994617742,0.0226323216160021,55185.59901396642,2.525291919708252,-0.09062978029174795,0.09062978029174795
494,2.4554472,2.0,2.02,0.0792663222446634,0.0763567032330598,0.0129126433504276,23143.936085184432,2.3095877170562744,-0.14585948294372564,0.14585948294372564
495,0.1,0.0,0.0,2.704169438583935e-07,2.693820120419628e-07,9.417609036139793e-08,0.0006973823668723,0.10169094800949097,0.0016909480094909612,0.0016909480094909612
496,1.8794099,1.68,0.0,5.513489438551935e-12,4.805408399176936e-12,8.355778915449024e-13,1.7549961981958697e-06,2.0029265880584717,0.12351668805847171,0.12351668805847171
497,3.5282564,3.02,3.03,0.1423052531252793,0.0988863349438347,0.0198884388989204,70051.92653864327,3.359229803085327,-0.16902659691467292,0.16902659691467292
498,0.1,0.0,0.0,8.290355851303586e-08,8.259593135330953e-08,2.8343654610219226e-08,0.0001630089865391,0.10436791181564331,0.004367911815643305,0.004367911815643305
499,2.833133,2.26,0.0,3.670553258509241e-09,3.180762308501804e-09,5.479657985360434e-10,0.000729730123003,2.6971540451049805,-0.13597895489501965,0.13597895489501965
500,0.1,0.0,0.0,0.5810783337357108,0.5781788273695749,0.2427147807201236,57928.03643028401,0.1,0.0,0.0
