wave_id,sample_idx,time_ms,current,force_mA,range_V,temp_C,settle_time_ms,wait_time_ms
1,0,0.0,0.4284999218531843,3,10,60,3.0,3.5
1,1,0.1,1.2933925755172457,3,10,60,3.0,3.5
1,2,0.2,1.4375841442067705,3,10,60,3.0,3.5
1,3,0.30000000000000004,1.1460554973848924,3,10,60,3.0,3.5
1,4,0.4,1.0502295878135326,3,10,60,3.0,3.5
1,5,0.5,1.3826170676798664,3,10,60,3.0,3.5
1,6,0.6000000000000001,1.965965739163378,3,10,60,3.0,3.5
1,7,0.7000000000000001,2.2866276622218864,3,10,60,3.0,3.5
1,8,0.8,2.2589534038206804,3,10,60,3.0,3.5
1,9,0.9,2.10425738682592,3,10,60,3.0,3.5
1,10,1.0,2.1191628105634734,3,10,60,3.0,3.5
1,11,1.1,2.3622640840166462,3,10,60,3.0,3.5
1,12,1.2000000000000002,2.641818105192679,3,10,60,3.0,3.5
1,13,1.3,2.744395431627458,3,10,60,3.0,3.5
1,14,1.4000000000000001,2.6572425773421697,3,10,60,3.0,3.5
1,15,1.5,2.5806059325706365,3,10,60,3.0,3.5
1,16,1.6,2.6296008827997563,3,10,60,3.0,3.5
1,17,1.7000000000000002,2.796151873904913,3,10,60,3.0,3.5
1,18,1.8,2.912825713804221,3,10,60,3.0,3.5
1,19,1.9000000000000001,2.903360753993222,3,10,60,3.0,3.5
1,20,2.0,2.8637190989978825,3,10,60,3.0,3.5
1,21,2.1,2.8251686635977498,3,10,60,3.0,3.5
1,22,2.2,2.8689458554613316,3,10,60,3.0,3.5
1,23,2.3000000000000003,2.9646054252787284,3,10,60,3.0,3.5
1,24,2.4000000000000004,3.0146183919745333,3,10,60,3.0,3.5
1,25,2.5,2.998376994769664,3,10,60,3.0,3.5
1,26,2.6,2.9444356245059606,3,10,60,3.0,3.5
1,27,2.7,2.944365679241123,3,10,60,3.0,3.5
1,28,2.8000000000000003,2.9856078699139657,3,10,60,3.0,3.5
1,29,2.9000000000000004,3.032819017122034,3,10,60,3.0,3.5
1,30,3.0,3.0453480097068013,3,10,60,3.0,3.5
1,31,3.1,3.050205688924418,3,10,60,3.0,3.5
1,32,3.2,3.0468130888588214,3,10,60,3.0,3.5
1,33,3.3000000000000003,3.0514207772919053,3,10,60,3.0,3.5
1,34,3.4000000000000004,3.0472417272972985,3,10,60,3.0,3.5
1,35,3.5,3.0546498032150526,3,10,60,3.0,3.5
1,36,3.6,3.0476502401229912,3,10,60,3.0,3.5
1,37,3.7,3.049033815451383,3,10,60,3.0,3.5
1,38,3.8000000000000003,3.0524405516521087,3,10,60,3.0,3.5
1,39,3.9000000000000004,3.046307407050698,3,10,60,3.0,3.5
1,40,4.0,3.050682379803812,3,10,60,3.0,3.5
1,41,4.1000000000000005,3.0539214282628473,3,10,60,3.0,3.5
1,42,4.2,3.0451775502963163,3,10,60,3.0,3.5
1,43,4.3,3.0505539015755967,3,10,60,3.0,3.5
1,44,4.4,3.050779648382745,3,10,60,3.0,3.5
1,45,4.5,3.0523454686153317,3,10,60,3.0,3.5
1,46,4.6000000000000005,3.0462891478673657,3,10,60,3.0,3.5
1,47,4.7,3.046038630160747,3,10,60,3.0,3.5
1,48,4.800000000000001,3.0515658246968504,3,10,60,3.0,3.5
1,49,4.9,3.0508909540196996,3,10,60,3.0,3.5
1,50,5.0,3.0507514785510375,3,10,60,3.0,3.5
1,51,5.1000000000000005,3.051039344628491,3,10,60,3.0,3.5
1,52,5.2,3.0479599258352645,3,10,60,3.0,3.5
1,53,5.300000000000001,3.050696761091483,3,10,60,3.0,3.5
1,54,5.4,3.050879217419896,3,10,60,3.0,3.5
1,55,5.5,3.0478569457459206,3,10,60,3.0,3.5
1,56,5.6000000000000005,3.055597323533434,3,10,60,3.0,3.5
1,57,5.7,3.051421498762735,3,10,60,3.0,3.5
1,58,5.800000000000001,3.0464260895083917,3,10,60,3.0,3.5
1,59,5.9,3.0519696608259013,3,10,60,3.0,3.5
1,60,6.0,3.047075954989318,3,10,60,3.0,3.5
1,61,6.1000000000000005,3.052361253811227,3,10,60,3.0,3.5
1,62,6.2,3.053475786737022,3,10,60,3.0,3.5
1,63,6.300000000000001,3.047537953044945,3,10,60,3.0,3.5
1,64,6.4,3.052890128387733,3,10,60,3.0,3.5
1,65,6.5,3.051238342780809,3,10,60,3.0,3.5
1,66,6.6000000000000005,3.0524661804799833,3,10,60,3.0,3.5
1,67,6.7,3.0556903789479617,3,10,60,3.0,3.5
1,68,6.800000000000001,3.049263835651991,3,10,60,3.0,3.5
1,69,6.9,3.0477387915069274,3,10,60,3.0,3.5
1,70,7.0,3.0473314567111234,3,10,60,3.0,3.5
1,71,7.1000000000000005,3.0475525691451035,3,10,60,3.0,3.5
1,72,7.2,3.0497686948717577,3,10,60,3.0,3.5
1,73,7.300000000000001,3.0510234559244496,3,10,60,3.0,3.5
1,74,7.4,3.0508300723979898,3,10,60,3.0,3.5
1,75,7.5,3.052481549747108,3,10,60,3.0,3.5
1,76,7.6000000000000005,3.0500390056756337,3,10,60,3.0,3.5
1,77,7.7,3.0543606022314718,3,10,60,3.0,3.5
1,78,7.800000000000001,3.049206029500286,3,10,60,3.0,3.5
1,79,7.9,3.058160507499769,3,10,60,3.0,3.5
1,80,8.0,3.051877002043295,3,10,60,3.0,3.5
1,81,8.1,3.047428527330751,3,10,60,3.0,3.5
1,82,8.200000000000001,3.0467873225058164,3,10,60,3.0,3.5
1,83,8.3,3.0514474172457295,3,10,60,3.0,3.5
1,84,8.4,3.0493296116440223,3,10,60,3.0,3.5
1,85,8.5,3.052142001482276,3,10,60,3.0,3.5
1,86,8.6,3.0514197128737206,3,10,60,3.0,3.5
1,87,8.700000000000001,3.049781513262029,3,10,60,3.0,3.5
1,88,8.8,3.0474596188457945,3,10,60,3.0,3.5
1,89,8.9,3.045455458325942,3,10,60,3.0,3.5
1,90,9.0,3.0486604551437986,3,10,60,3.0,3.5
1,91,9.1,3.0525691963829704,3,10,60,3.0,3.5
1,92,9.200000000000001,3.0506422812323906,3,10,60,3.0,3.5
1,93,9.3,3.046262783663864,3,10,60,3.0,3.5
1,94,9.4,3.0505195427775535,3,10,60,3.0,3.5
1,95,9.5,3.0511559521391862,3,10,60,3.0,3.5
1,96,9.600000000000001,3.0473484276913965,3,10,60,3.0,3.5
1,97,9.700000000000001,3.0504611753178366,3,10,60,3.0,3.5
1,98,9.8,3.050174626155338,3,10,60,3.0,3.5
1,99,9.9,3.046571089106508,3,10,60,3.0,3.5
2,0,0.0,0.281873212603316,1,10,60,5.0,5.5
2,1,0.1,0.8715058582641858,1,10,60,5.0,5.5
2,2,0.2,0.9067294285460655,1,10,60,5.0,5.5
2,3,0.30000000000000004,0.4863182821668121,1,10,60,5.0,5.5
2,4,0.4,0.14307566002952243,1,10,60,5.0,5.5
2,5,0.5,0.27677613189790334,1,10,60,5.0,5.5
2,6,0.6000000000000001,0.6795460900280512,1,10,60,5.0,5.5
2,7,0.7000000000000001,1.0442589034720793,1,10,60,5.0,5.5
2,8,0.8,1.0414069465963123,1,10,60,5.0,5.5
2,9,0.9,0.7697157185644949,1,10,60,5.0,5.5
2,10,1.0,0.5502387845274769,1,10,60,5.0,5.5
2,11,1.1,0.6294135183984564,1,10,60,5.0,5.5
2,12,1.2000000000000002,0.8828348980325939,1,10,60,5.0,5.5
2,13,1.3,1.0992764498787777,1,10,60,5.0,5.5
2,14,1.4000000000000001,1.0815289288861347,1,10,60,5.0,5.5
2,15,1.5,0.9119505645563974,1,10,60,5.0,5.5
2,16,1.6,0.8037654443682188,1,10,60,5.0,5.5
2,17,1.7000000000000002,0.8066979352017949,1,10,60,5.0,5.5
2,18,1.8,0.9970003086915075,1,10,60,5.0,5.5
2,19,1.9000000000000001,1.0972388124089214,1,10,60,5.0,5.5
2,20,2.0,1.0901888795950065,1,10,60,5.0,5.5
2,21,2.1,0.9922127336469294,1,10,60,5.0,5.5
2,22,2.2,0.9013261833347666,1,10,60,5.0,5.5
2,23,2.3000000000000003,0.9195345699999423,1,10,60,5.0,5.5
2,24,2.4000000000000004,1.0245125265047748,1,10,60,5.0,5.5
2,25,2.5,1.1105084053754897,1,10,60,5.0,5.5
2,26,2.6,1.079897697495444,1,10,60,5.0,5.5
2,27,2.7,1.0164711205340993,1,10,60,5.0,5.5
2,28,2.8000000000000003,0.9654618672681105,1,10,60,5.0,5.5
2,29,2.9000000000000004,0.9784051058350466,1,10,60,5.0,5.5
2,30,3.0,1.06896781811311,1,10,60,5.0,5.5
2,31,3.1,1.0960912811320012,1,10,60,5.0,5.5
2,32,3.2,1.0564307513074158,1,10,60,5.0,5.5
2,33,3.3000000000000003,1.0321554685051537,1,10,60,5.0,5.5
2,34,3.4000000000000004,0.9938247470946412,1,10,60,5.0,5.5
2,35,3.5,1.02246217151651,1,10,60,5.0,5.5
2,36,3.6,1.0448053503872485,1,10,60,5.0,5.5
2,37,3.7,1.0763616877048865,1,10,60,5.0,5.5
2,38,3.8000000000000003,1.0728506979680277,1,10,60,5.0,5.5
2,39,3.9000000000000004,1.0471236617618975,1,10,60,5.0,5.5
2,40,4.0,1.0085419269311247,1,10,60,5.0,5.5
2,41,4.1000000000000005,1.0263612135734714,1,10,60,5.0,5.5
2,42,4.2,1.0490370438879688,1,10,60,5.0,5.5
2,43,4.3,1.061793233841716,1,10,60,5.0,5.5
2,44,4.4,1.0790377768431458,1,10,60,5.0,5.5
2,45,4.5,1.0469745558575687,1,10,60,5.0,5.5
2,46,4.6000000000000005,1.0196337290140547,1,10,60,5.0,5.5
2,47,4.7,1.0476267713501342,1,10,60,5.0,5.5
2,48,4.800000000000001,1.0746290221691146,1,10,60,5.0,5.5
2,49,4.9,1.0722525240534764,1,10,60,5.0,5.5
2,50,5.0,1.0499372952181076,1,10,60,5.0,5.5
2,51,5.1000000000000005,1.0503519821499263,1,10,60,5.0,5.5
2,52,5.2,1.0538329946873652,1,10,60,5.0,5.5
2,53,5.300000000000001,1.0482252858334926,1,10,60,5.0,5.5
2,54,5.4,1.05164129214351,1,10,60,5.0,5.5
2,55,5.5,1.0493934220426984,1,10,60,5.0,5.5
2,56,5.6000000000000005,1.0493469563903184,1,10,60,5.0,5.5
2,57,5.7,1.0532963305559617,1,10,60,5.0,5.5
2,58,5.800000000000001,1.0524762490469641,1,10,60,5.0,5.5
2,59,5.9,1.0524405289080019,1,10,60,5.0,5.5
2,60,6.0,1.053916436421463,1,10,60,5.0,5.5
2,61,6.1000000000000005,1.0500630115248983,1,10,60,5.0,5.5
2,62,6.2,1.052045858913885,1,10,60,5.0,5.5
2,63,6.300000000000001,1.0490691997302197,1,10,60,5.0,5.5
2,64,6.4,1.0509724990574654,1,10,60,5.0,5.5
2,65,6.5,1.049609570836897,1,10,60,5.0,5.5
2,66,6.6000000000000005,1.0502909878949782,1,10,60,5.0,5.5
2,67,6.7,1.0517854710763108,1,10,60,5.0,5.5
2,68,6.800000000000001,1.0475453379502997,1,10,60,5.0,5.5
2,69,6.9,1.0562771618270563,1,10,60,5.0,5.5
2,70,7.0,1.046981947855501,1,10,60,5.0,5.5
2,71,7.1000000000000005,1.0463574341616368,1,10,60,5.0,5.5
2,72,7.2,1.0534743326205003,1,10,60,5.0,5.5
2,73,7.300000000000001,1.052374988081889,1,10,60,5.0,5.5
2,74,7.4,1.0518723594511565,1,10,60,5.0,5.5
2,75,7.5,1.051885036527793,1,10,60,5.0,5.5
2,76,7.6000000000000005,1.0499632596814592,1,10,60,5.0,5.5
2,77,7.7,1.0473082368855426,1,10,60,5.0,5.5
2,78,7.800000000000001,1.0502274136745813,1,10,60,5.0,5.5
2,79,7.9,1.0479685148654636,1,10,60,5.0,5.5
2,80,8.0,1.0529253592002532,1,10,60,5.0,5.5
2,81,8.1,1.0495588278554937,1,10,60,5.0,5.5
2,82,8.200000000000001,1.0475235084096226,1,10,60,5.0,5.5
2,83,8.3,1.049035842475041,1,10,60,5.0,5.5
2,84,8.4,1.051238794362827,1,10,60,5.0,5.5
2,85,8.5,1.048308826341588,1,10,60,5.0,5.5
2,86,8.6,1.0475333388133008,1,10,60,5.0,5.5
2,87,8.700000000000001,1.0507310616344758,1,10,60,5.0,5.5
2,88,8.8,1.0507348997133261,1,10,60,5.0,5.5
2,89,8.9,1.0484791704738867,1,10,60,5.0,5.5
2,90,9.0,1.048586885083145,1,10,60,5.0,5.5
2,91,9.1,1.050696149812073,1,10,60,5.0,5.5
2,92,9.200000000000001,1.0456557469755081,1,10,60,5.0,5.5
2,93,9.3,1.0457776086768704,1,10,60,5.0,5.5
2,94,9.4,1.0478446673362427,1,10,60,5.0,5.5
2,95,9.5,1.0493596585448646,1,10,60,5.0,5.5
2,96,9.600000000000001,1.0509327226967942,1,10,60,5.0,5.5
2,97,9.700000000000001,1.0544260686508486,1,10,60,5.0,5.5
2,98,9.8,1.052572978869606,1,10,60,5.0,5.5
2,99,9.9,1.0495201844101099,1,10,60,5.0,5.5
3,0,0.0,0.4132526913889491,3,5,25,2.5,3.0
3,1,0.1,0.719641189762197,3,5,25,2.5,3.0
3,2,0.2,0.9471216735935061,3,5,25,2.5,3.0
3,3,0.30000000000000004,1.0648760281485752,3,5,25,2.5,3.0
3,4,0.4,1.077053786990495,3,5,25,2.5,3.0
3,5,0.5,1.0732024718370585,3,5,25,2.5,3.0
3,6,0.6000000000000001,1.069333245748761,3,5,25,2.5,3.0
3,7,0.7000000000000001,1.0805966642368443,3,5,25,2.5,3.0
3,8,0.8,1.1470693653287594,3,5,25,2.5,3.0
3,9,0.9,1.236490732379593,3,5,25,2.5,3.0
3,10,1.0,1.3436675555370534,3,5,25,2.5,3.0
3,11,1.1,1.4372013667160968,3,5,25,2.5,3.0
3,12,1.2000000000000002,1.5284268370212182,3,5,25,2.5,3.0
3,13,1.3,1.5900800916521796,3,5,25,2.5,3.0
3,14,1.4000000000000001,1.6308968304429834,3,5,25,2.5,3.0
3,15,1.5,1.6383518919498261,3,5,25,2.5,3.0
3,16,1.6,1.6531910234180318,3,5,25,2.5,3.0
3,17,1.7000000000000002,1.6262593143655157,3,5,25,2.5,3.0
3,18,1.8,1.6502268119705144,3,5,25,2.5,3.0
3,19,1.9000000000000001,1.6582927845001791,3,5,25,2.5,3.0
3,20,2.0,1.699378665337439,3,5,25,2.5,3.0
3,21,2.1,1.6930727559920116,3,5,25,2.5,3.0
3,22,2.2,1.7151807478959287,3,5,25,2.5,3.0
3,23,2.3000000000000003,1.7356927449831403,3,5,25,2.5,3.0
3,24,2.4000000000000004,1.7327824767508369,3,5,25,2.5,3.0
3,25,2.5,1.7983390520839582,3,5,25,2.5,3.0
3,26,2.6,1.7964063663222334,3,5,25,2.5,3.0
3,27,2.7,1.805894175398749,3,5,25,2.5,3.0
3,28,2.8000000000000003,1.800105790655915,3,5,25,2.5,3.0
3,29,2.9000000000000004,1.797900823476022,3,5,25,2.5,3.0
3,30,3.0,1.8006419397322024,3,5,25,2.5,3.0
3,31,3.1,1.7996630158509273,3,5,25,2.5,3.0
3,32,3.2,1.7993370912014002,3,5,25,2.5,3.0
3,33,3.3000000000000003,1.8018425001001301,3,5,25,2.5,3.0
3,34,3.4000000000000004,1.8022725231301417,3,5,25,2.5,3.0
3,35,3.5,1.7984084965571683,3,5,25,2.5,3.0
3,36,3.6,1.7982725452780657,3,5,25,2.5,3.0
3,37,3.7,1.799174844908545,3,5,25,2.5,3.0
3,38,3.8000000000000003,1.7930942365057931,3,5,25,2.5,3.0
3,39,3.9000000000000004,1.795454426813404,3,5,25,2.5,3.0
3,40,4.0,1.8041006228023333,3,5,25,2.5,3.0
3,41,4.1000000000000005,1.8049349031405038,3,5,25,2.5,3.0
3,42,4.2,1.7992528918813306,3,5,25,2.5,3.0
3,43,4.3,1.801729670889167,3,5,25,2.5,3.0
3,44,4.4,1.8009337504636305,3,5,25,2.5,3.0
3,45,4.5,1.8092366424253656,3,5,25,2.5,3.0
3,46,4.6000000000000005,1.8033587247343035,3,5,25,2.5,3.0
3,47,4.7,1.7996162472255575,3,5,25,2.5,3.0
3,48,4.800000000000001,1.7971333786781984,3,5,25,2.5,3.0
3,49,4.9,1.7951806610392271,3,5,25,2.5,3.0
3,50,5.0,1.8006103909076014,3,5,25,2.5,3.0
3,51,5.1000000000000005,1.797730947764147,3,5,25,2.5,3.0
3,52,5.2,1.7957332388712068,3,5,25,2.5,3.0
3,53,5.300000000000001,1.7980602813472721,3,5,25,2.5,3.0
3,54,5.4,1.7967553559891567,3,5,25,2.5,3.0
3,55,5.5,1.8050614249052175,3,5,25,2.5,3.0
3,56,5.6000000000000005,1.8026449192708482,3,5,25,2.5,3.0
3,57,5.7,1.79997608207605,3,5,25,2.5,3.0
3,58,5.800000000000001,1.80443983241667,3,5,25,2.5,3.0
3,59,5.9,1.8002321049229426,3,5,25,2.5,3.0
3,60,6.0,1.797416147396015,3,5,25,2.5,3.0
3,61,6.1000000000000005,1.8045693722318088,3,5,25,2.5,3.0
3,62,6.2,1.8016167301310537,3,5,25,2.5,3.0
3,63,6.300000000000001,1.7968882615370205,3,5,25,2.5,3.0
3,64,6.4,1.799428983965749,3,5,25,2.5,3.0
3,65,6.5,1.7973731452398456,3,5,25,2.5,3.0
3,66,6.6000000000000005,1.7958516008071068,3,5,25,2.5,3.0
3,67,6.7,1.8027785326425947,3,5,25,2.5,3.0
3,68,6.800000000000001,1.8057282499214102,3,5,25,2.5,3.0
3,69,6.9,1.7958042972785424,3,5,25,2.5,3.0
3,70,7.0,1.8016889077100715,3,5,25,2.5,3.0
3,71,7.1000000000000005,1.7980480722926344,3,5,25,2.5,3.0
3,72,7.2,1.7985386238487058,3,5,25,2.5,3.0
3,73,7.300000000000001,1.7982228182272832,3,5,25,2.5,3.0
3,74,7.4,1.7974080276909603,3,5,25,2.5,3.0
3,75,7.5,1.8001455648838343,3,5,25,2.5,3.0
3,76,7.6000000000000005,1.7975071496507666,3,5,25,2.5,3.0
3,77,7.7,1.8008113704773394,3,5,25,2.5,3.0
3,78,7.800000000000001,1.7998492856716524,3,5,25,2.5,3.0
3,79,7.9,1.7992831558594007,3,5,25,2.5,3.0
3,80,8.0,1.797277309013875,3,5,25,2.5,3.0
3,81,8.1,1.7982696860082947,3,5,25,2.5,3.0
3,82,8.200000000000001,1.802266173677477,3,5,25,2.5,3.0
3,83,8.3,1.801502751562873,3,5,25,2.5,3.0
3,84,8.4,1.7970673342656043,3,5,25,2.5,3.0
3,85,8.5,1.8002979969162876,3,5,25,2.5,3.0
3,86,8.6,1.8022541613701153,3,5,25,2.5,3.0
3,87,8.700000000000001,1.7949917841566356,3,5,25,2.5,3.0
3,88,8.8,1.8016300805771397,3,5,25,2.5,3.0
3,89,8.9,1.7980121287231623,3,5,25,2.5,3.0
3,90,9.0,1.8017117960057794,3,5,25,2.5,3.0
3,91,9.1,1.7977102225303723,3,5,25,2.5,3.0
3,92,9.200000000000001,1.7945853536980063,3,5,25,2.5,3.0
3,93,9.3,1.7951173726863503,3,5,25,2.5,3.0
3,94,9.4,1.800144254839984,3,5,25,2.5,3.0
3,95,9.5,1.8007791675051643,3,5,25,2.5,3.0
3,96,9.600000000000001,1.7972870501246867,3,5,25,2.5,3.0
3,97,9.700000000000001,1.801915777376332,3,5,25,2.5,3.0
3,98,9.8,1.795015439813193,3,5,25,2.5,3.0
3,99,9.9,1.799801760604058,3,5,25,2.5,3.0
4,0,0.0,0.26708328303990897,3,5,60,4.2,4.7
4,1,0.1,0.6400224741347135,3,5,60,4.2,4.7
4,2,0.2,0.8216545797944538,3,5,60,4.2,4.7
4,3,0.30000000000000004,0.8838252998442756,3,5,60,4.2,4.7
4,4,0.4,0.8476134589674912,3,5,60,4.2,4.7
4,5,0.5,0.8825658568357461,3,5,60,4.2,4.7
4,6,0.6000000000000001,0.9965853028034424,3,5,60,4.2,4.7
4,7,0.7000000000000001,1.1308489850157246,3,5,60,4.2,4.7
4,8,0.8,1.3263001105398398,3,5,60,4.2,4.7
4,9,0.9,1.4630597756903598,3,5,60,4.2,4.7
4,10,1.0,1.5009644675173086,3,5,60,4.2,4.7
4,11,1.1,1.49919129606569,3,5,60,4.2,4.7
4,12,1.2000000000000002,1.4759578682181322,3,5,60,4.2,4.7
4,13,1.3,1.501397971283394,3,5,60,4.2,4.7
4,14,1.4000000000000001,1.5574260930528587,3,5,60,4.2,4.7
4,15,1.5,1.6480929968865348,3,5,60,4.2,4.7
4,16,1.6,1.7040456420442096,3,5,60,4.2,4.7
4,17,1.7000000000000002,1.7371568005577749,3,5,60,4.2,4.7
4,18,1.8,1.730214407313881,3,5,60,4.2,4.7
4,19,1.9000000000000001,1.7165020491552694,3,5,60,4.2,4.7
4,20,2.0,1.711952611128518,3,5,60,4.2,4.7
4,21,2.1,1.7341641665640843,3,5,60,4.2,4.7
4,22,2.2,1.7553062154827161,3,5,60,4.2,4.7
4,23,2.3000000000000003,1.793673488178899,3,5,60,4.2,4.7
4,24,2.4000000000000004,1.8317195444036392,3,5,60,4.2,4.7
4,25,2.5,1.8240746514268507,3,5,60,4.2,4.7
4,26,2.6,1.80571707356135,3,5,60,4.2,4.7
4,27,2.7,1.8138030218455305,3,5,60,4.2,4.7
4,28,2.8000000000000003,1.7977881509260203,3,5,60,4.2,4.7
4,29,2.9000000000000004,1.790518946752965,3,5,60,4.2,4.7
4,30,3.0,1.8143442876128228,3,5,60,4.2,4.7
4,31,3.1,1.8170299542501058,3,5,60,4.2,4.7
4,32,3.2,1.8368994882538732,3,5,60,4.2,4.7
4,33,3.3000000000000003,1.8387934015250476,3,5,60,4.2,4.7
4,34,3.4000000000000004,1.8509061577434134,3,5,60,4.2,4.7
4,35,3.5,1.8348007809772002,3,5,60,4.2,4.7
4,36,3.6,1.8309640133508196,3,5,60,4.2,4.7
4,37,3.7,1.8465231979233507,3,5,60,4.2,4.7
4,38,3.8000000000000003,1.821783262316584,3,5,60,4.2,4.7
4,39,3.9000000000000004,1.8497090550258992,3,5,60,4.2,4.7
4,40,4.0,1.855274201481121,3,5,60,4.2,4.7
4,41,4.1000000000000005,1.8307824078605648,3,5,60,4.2,4.7
4,42,4.2,1.8502199539015651,3,5,60,4.2,4.7
4,43,4.3,1.8461301173007767,3,5,60,4.2,4.7
4,44,4.4,1.8461147636838091,3,5,60,4.2,4.7
4,45,4.5,1.8489926459021295,3,5,60,4.2,4.7
4,46,4.6000000000000005,1.855007064575868,3,5,60,4.2,4.7
4,47,4.7,1.849221225945909,3,5,60,4.2,4.7
4,48,4.800000000000001,1.8454905711406455,3,5,60,4.2,4.7
4,49,4.9,1.849262770807742,3,5,60,4.2,4.7
4,50,5.0,1.849181829290757,3,5,60,4.2,4.7
4,51,5.1000000000000005,1.8419093400711752,3,5,60,4.2,4.7
4,52,5.2,1.8498371154004465,3,5,60,4.2,4.7
4,53,5.300000000000001,1.849307196409374,3,5,60,4.2,4.7
4,54,5.4,1.8520886190944401,3,5,60,4.2,4.7
4,55,5.5,1.855546868284836,3,5,60,4.2,4.7
4,56,5.6000000000000005,1.8533796950886432,3,5,60,4.2,4.7
4,57,5.7,1.8491933339283353,3,5,60,4.2,4.7
4,58,5.800000000000001,1.846680422273775,3,5,60,4.2,4.7
4,59,5.9,1.8577200794097495,3,5,60,4.2,4.7
4,60,6.0,1.8501776553020433,3,5,60,4.2,4.7
4,61,6.1000000000000005,1.8500417878757387,3,5,60,4.2,4.7
4,62,6.2,1.8499276247386698,3,5,60,4.2,4.7
4,63,6.300000000000001,1.8505942542823035,3,5,60,4.2,4.7
4,64,6.4,1.849566918764228,3,5,60,4.2,4.7
4,65,6.5,1.8482790139793592,3,5,60,4.2,4.7
4,66,6.6000000000000005,1.8483594231762788,3,5,60,4.2,4.7
4,67,6.7,1.8499017401893518,3,5,60,4.2,4.7
4,68,6.800000000000001,1.8483697256865985,3,5,60,4.2,4.7
4,69,6.9,1.8478614626519683,3,5,60,4.2,4.7
4,70,7.0,1.8503192906830757,3,5,60,4.2,4.7
4,71,7.1000000000000005,1.8492350683477372,3,5,60,4.2,4.7
4,72,7.2,1.854511978965748,3,5,60,4.2,4.7
4,73,7.300000000000001,1.8420470905748207,3,5,60,4.2,4.7
4,74,7.4,1.8532745205557672,3,5,60,4.2,4.7
4,75,7.5,1.8537382555774928,3,5,60,4.2,4.7
4,76,7.6000000000000005,1.8437798293027754,3,5,60,4.2,4.7
4,77,7.7,1.8489719372177589,3,5,60,4.2,4.7
4,78,7.800000000000001,1.8488856774020126,3,5,60,4.2,4.7
4,79,7.9,1.8457774649158465,3,5,60,4.2,4.7
4,80,8.0,1.8476665499372273,3,5,60,4.2,4.7
4,81,8.1,1.8466682724636023,3,5,60,4.2,4.7
4,82,8.200000000000001,1.8552568113302708,3,5,60,4.2,4.7
4,83,8.3,1.8528070351794423,3,5,60,4.2,4.7
4,84,8.4,1.8538146652849823,3,5,60,4.2,4.7
4,85,8.5,1.8521650161921295,3,5,60,4.2,4.7
4,86,8.6,1.8466128446863481,3,5,60,4.2,4.7
4,87,8.700000000000001,1.8484264392011605,3,5,60,4.2,4.7
4,88,8.8,1.8514681236836836,3,5,60,4.2,4.7
4,89,8.9,1.846333616573324,3,5,60,4.2,4.7
4,90,9.0,1.852138995290517,3,5,60,4.2,4.7
4,91,9.1,1.8492790238055254,3,5,60,4.2,4.7
4,92,9.200000000000001,1.8488755375773511,3,5,60,4.2,4.7
4,93,9.3,1.8521328799046104,3,5,60,4.2,4.7
4,94,9.4,1.851332789934458,3,5,60,4.2,4.7
4,95,9.5,1.8489171015025427,3,5,60,4.2,4.7
4,96,9.600000000000001,1.8534779894100926,3,5,60,4.2,4.7
4,97,9.700000000000001,1.8467568100172003,3,5,60,4.2,4.7
4,98,9.8,1.8518478068208326,3,5,60,4.2,4.7
4,99,9.9,1.851779303773905,3,5,60,4.2,4.7
5,0,0.0,0.12300694249783864,1,10,25,6.0,6.5
5,1,0.1,0.3985045130192986,1,10,25,6.0,6.5
5,2,0.2,0.5673785195687968,1,10,25,6.0,6.5
5,3,0.30000000000000004,0.6828641705593608,1,10,25,6.0,6.5
5,4,0.4,0.6892414883285054,1,10,25,6.0,6.5
5,5,0.5,0.6550198542055398,1,10,25,6.0,6.5
5,6,0.6000000000000001,0.6235451908194961,1,10,25,6.0,6.5
5,7,0.7000000000000001,0.5701030242367808,1,10,25,6.0,6.5
5,8,0.8,0.5561648327032666,1,10,25,6.0,6.5
5,9,0.9,0.5825664513200134,1,10,25,6.0,6.5
5,10,1.0,0.6618903180784135,1,10,25,6.0,6.5
5,11,1.1,0.7183699958175407,1,10,25,6.0,6.5
5,12,1.2000000000000002,0.8268627536482447,1,10,25,6.0,6.5
5,13,1.3,0.8561187556960372,1,10,25,6.0,6.5
5,14,1.4000000000000001,0.9422021949210988,1,10,25,6.0,6.5
5,15,1.5,0.9532941229399142,1,10,25,6.0,6.5
5,16,1.6,0.9561723429350911,1,10,25,6.0,6.5
5,17,1.7000000000000002,0.9438045553301299,1,10,25,6.0,6.5
5,18,1.8,0.9392658762184329,1,10,25,6.0,6.5
5,19,1.9000000000000001,0.9220437594010491,1,10,25,6.0,6.5
5,20,2.0,0.9268434199343132,1,10,25,6.0,6.5
5,21,2.1,0.9188598218399919,1,10,25,6.0,6.5
5,22,2.2,0.9291504311904363,1,10,25,6.0,6.5
5,23,2.3000000000000003,0.9394255456555035,1,10,25,6.0,6.5
5,24,2.4000000000000004,0.9598666110357593,1,10,25,6.0,6.5
5,25,2.5,0.9794109019887396,1,10,25,6.0,6.5
5,26,2.6,0.9711265804931247,1,10,25,6.0,6.5
5,27,2.7,0.9814655533109612,1,10,25,6.0,6.5
5,28,2.8000000000000003,1.0041172466291306,1,10,25,6.0,6.5
5,29,2.9000000000000004,0.9963978931715084,1,10,25,6.0,6.5
5,30,3.0,0.9889221983639265,1,10,25,6.0,6.5
5,31,3.1,0.9869058511636433,1,10,25,6.0,6.5
5,32,3.2,0.987450553990139,1,10,25,6.0,6.5
5,33,3.3000000000000003,0.9778761431078563,1,10,25,6.0,6.5
5,34,3.4000000000000004,0.9768948201440143,1,10,25,6.0,6.5
5,35,3.5,0.9896471782441949,1,10,25,6.0,6.5
5,36,3.6,0.9817062464767934,1,10,25,6.0,6.5
5,37,3.7,0.999295590555587,1,10,25,6.0,6.5
5,38,3.8000000000000003,0.9811342156368551,1,10,25,6.0,6.5
5,39,3.9000000000000004,1.0102306627991184,1,10,25,6.0,6.5
5,40,4.0,1.005224289068122,1,10,25,6.0,6.5
5,41,4.1000000000000005,1.0026310436695953,1,10,25,6.0,6.5
5,42,4.2,1.00888918105797,1,10,25,6.0,6.5
5,43,4.3,1.0145755659244842,1,10,25,6.0,6.5
5,44,4.4,1.0071659724516204,1,10,25,6.0,6.5
5,45,4.5,0.9781881146401913,1,10,25,6.0,6.5
5,46,4.6000000000000005,0.9839096467442634,1,10,25,6.0,6.5
5,47,4.7,0.9910127212464683,1,10,25,6.0,6.5
5,48,4.800000000000001,0.9983416361098227,1,10,25,6.0,6.5
5,49,4.9,1.0041275761793766,1,10,25,6.0,6.5
5,50,5.0,0.9924274796560071,1,10,25,6.0,6.5
5,51,5.1000000000000005,1.0020303032683766,1,10,25,6.0,6.5
5,52,5.2,0.9927927833887197,1,10,25,6.0,6.5
5,53,5.300000000000001,0.9941589974993391,1,10,25,6.0,6.5
5,54,5.4,0.9859669520450832,1,10,25,6.0,6.5
5,55,5.5,0.9905003454554857,1,10,25,6.0,6.5
5,56,5.6000000000000005,0.9859526781859241,1,10,25,6.0,6.5
5,57,5.7,0.9895523334798465,1,10,25,6.0,6.5
5,58,5.800000000000001,1.0098202553983964,1,10,25,6.0,6.5
5,59,5.9,0.9898821455495633,1,10,25,6.0,6.5
5,60,6.0,1.0031594585599988,1,10,25,6.0,6.5
5,61,6.1000000000000005,0.9998813345384301,1,10,25,6.0,6.5
5,62,6.2,1.0020445020921178,1,10,25,6.0,6.5
5,63,6.300000000000001,1.0000849551283915,1,10,25,6.0,6.5
5,64,6.4,1.0000892684184872,1,10,25,6.0,6.5
5,65,6.5,1.002814851417928,1,10,25,6.0,6.5
5,66,6.6000000000000005,0.9984518658153478,1,10,25,6.0,6.5
5,67,6.7,1.000288362330823,1,10,25,6.0,6.5
5,68,6.800000000000001,0.9986131741338848,1,10,25,6.0,6.5
5,69,6.9,0.9986965113177031,1,10,25,6.0,6.5
5,70,7.0,0.9990724836295941,1,10,25,6.0,6.5
5,71,7.1000000000000005,1.0006664013149011,1,10,25,6.0,6.5
5,72,7.2,0.9985637541350095,1,10,25,6.0,6.5
5,73,7.300000000000001,1.0037672683767205,1,10,25,6.0,6.5
5,74,7.4,0.9973161780933415,1,10,25,6.0,6.5
5,75,7.5,0.999439385067516,1,10,25,6.0,6.5
5,76,7.6000000000000005,0.9986808068251775,1,10,25,6.0,6.5
5,77,7.7,1.004340933653061,1,10,25,6.0,6.5
5,78,7.800000000000001,1.0005896643295347,1,10,25,6.0,6.5
5,79,7.9,1.003095533618406,1,10,25,6.0,6.5
5,80,8.0,0.9955433188808891,1,10,25,6.0,6.5
5,81,8.1,1.0008011507976078,1,10,25,6.0,6.5
5,82,8.200000000000001,1.0026688923868703,1,10,25,6.0,6.5
5,83,8.3,1.0002468519678263,1,10,25,6.0,6.5
5,84,8.4,1.0031964411251961,1,10,25,6.0,6.5
5,85,8.5,0.9984481346496988,1,10,25,6.0,6.5
5,86,8.6,1.0042280423205567,1,10,25,6.0,6.5
5,87,8.700000000000001,1.0068966943708577,1,10,25,6.0,6.5
5,88,8.8,0.998911484318681,1,10,25,6.0,6.5
5,89,8.9,0.9986634924357977,1,10,25,6.0,6.5
5,90,9.0,1.004360153431353,1,10,25,6.0,6.5
5,91,9.1,1.0047387164371921,1,10,25,6.0,6.5
5,92,9.200000000000001,0.9984314199185402,1,10,25,6.0,6.5
5,93,9.3,0.9987394395487125,1,10,25,6.0,6.5
5,94,9.4,0.9991546461734184,1,10,25,6.0,6.5
5,95,9.5,0.9959666484668972,1,10,25,6.0,6.5
5,96,9.600000000000001,0.9972440441605475,1,10,25,6.0,6.5
5,97,9.700000000000001,0.9969875776997438,1,10,25,6.0,6.5
5,98,9.8,0.9976966073046876,1,10,25,6.0,6.5
5,99,9.9,0.9998959453378397,1,10,25,6.0,6.5
6,0,0.0,0.3577577732493446,1,10,60,3.8,4.3
6,1,0.1,0.7924066159959327,1,10,60,3.8,4.3
6,2,0.2,0.9525775845505003,1,10,60,3.8,4.3
6,3,0.30000000000000004,0.8645029649710657,1,10,60,3.8,4.3
6,4,0.4,0.6418114613590734,1,10,60,3.8,4.3
6,5,0.5,0.41779783388018754,1,10,60,3.8,4.3
6,6,0.6000000000000001,0.3686372533586234,1,10,60,3.8,4.3
6,7,0.7000000000000001,0.4679066376266944,1,10,60,3.8,4.3
6,8,0.8,0.675461010598539,1,10,60,3.8,4.3
6,9,0.9,0.8791780929160408,1,10,60,3.8,4.3
6,10,1.0,1.0249072260431917,1,10,60,3.8,4.3
6,11,1.1,1.0079976396087824,1,10,60,3.8,4.3
6,12,1.2000000000000002,0.9420534176579747,1,10,60,3.8,4.3
6,13,1.3,0.8538485552501398,1,10,60,3.8,4.3
6,14,1.4000000000000001,0.8037518823912034,1,10,60,3.8,4.3
6,15,1.5,0.8149744093869913,1,10,60,3.8,4.3
6,16,1.6,0.8975645756550825,1,10,60,3.8,4.3
6,17,1.7000000000000002,0.9818588345116266,1,10,60,3.8,4.3
6,18,1.8,1.0246160631496557,1,10,60,3.8,4.3
6,19,1.9000000000000001,1.0445027309723456,1,10,60,3.8,4.3
6,20,2.0,1.0420015812747216,1,10,60,3.8,4.3
6,21,2.1,0.9976498236915536,1,10,60,3.8,4.3
6,22,2.2,0.9807377480941881,1,10,60,3.8,4.3
6,23,2.3000000000000003,0.9690081392671497,1,10,60,3.8,4.3
6,24,2.4000000000000004,0.9677221893722169,1,10,60,3.8,4.3
6,25,2.5,1.02754149550184,1,10,60,3.8,4.3
6,26,2.6,1.057773712740979,1,10,60,3.8,4.3
6,27,2.7,1.0487041626326852,1,10,60,3.8,4.3
6,28,2.8000000000000003,1.0501696215132448,1,10,60,3.8,4.3
6,29,2.9000000000000004,1.045302195063845,1,10,60,3.8,4.3
6,30,3.0,1.0323795988450597,1,10,60,3.8,4.3
6,31,3.1,1.0282916973281964,1,10,60,3.8,4.3
6,32,3.2,1.0437580374778612,1,10,60,3.8,4.3
6,33,3.3000000000000003,1.031057353483017,1,10,60,3.8,4.3
6,34,3.4000000000000004,1.0360063491036688,1,10,60,3.8,4.3
6,35,3.5,1.0381377096652307,1,10,60,3.8,4.3
6,36,3.6,1.0466736640105438,1,10,60,3.8,4.3
6,37,3.7,1.0504693485191097,1,10,60,3.8,4.3
6,38,3.8000000000000003,1.0521250693418982,1,10,60,3.8,4.3
6,39,3.9000000000000004,1.0507314021413137,1,10,60,3.8,4.3
6,40,4.0,1.0483077641077898,1,10,60,3.8,4.3
6,41,4.1000000000000005,1.0461590868039874,1,10,60,3.8,4.3
6,42,4.2,1.0526173719848404,1,10,60,3.8,4.3
6,43,4.3,1.051950603533876,1,10,60,3.8,4.3
6,44,4.4,1.0497024724086619,1,10,60,3.8,4.3
6,45,4.5,1.0555399109881431,1,10,60,3.8,4.3
6,46,4.6000000000000005,1.0467897457010216,1,10,60,3.8,4.3
6,47,4.7,1.0454234244872258,1,10,60,3.8,4.3
6,48,4.800000000000001,1.0479242757903564,1,10,60,3.8,4.3
6,49,4.9,1.0498632419509335,1,10,60,3.8,4.3
6,50,5.0,1.0507300183479682,1,10,60,3.8,4.3
6,51,5.1000000000000005,1.0492762918264311,1,10,60,3.8,4.3
6,52,5.2,1.051056166189543,1,10,60,3.8,4.3
6,53,5.300000000000001,1.0462453817274286,1,10,60,3.8,4.3
6,54,5.4,1.0543312938122198,1,10,60,3.8,4.3
6,55,5.5,1.0497535464648224,1,10,60,3.8,4.3
6,56,5.6000000000000005,1.0533518874947645,1,10,60,3.8,4.3
6,57,5.7,1.0510281760391331,1,10,60,3.8,4.3
6,58,5.800000000000001,1.0513702596574614,1,10,60,3.8,4.3
6,59,5.9,1.0517093018406967,1,10,60,3.8,4.3
6,60,6.0,1.051343125680052,1,10,60,3.8,4.3
6,61,6.1000000000000005,1.0519281682796027,1,10,60,3.8,4.3
6,62,6.2,1.0539874575903974,1,10,60,3.8,4.3
6,63,6.300000000000001,1.0505895635091045,1,10,60,3.8,4.3
6,64,6.4,1.0521270112727656,1,10,60,3.8,4.3
6,65,6.5,1.0497307929171384,1,10,60,3.8,4.3
6,66,6.6000000000000005,1.0543203516463484,1,10,60,3.8,4.3
6,67,6.7,1.0479708230938223,1,10,60,3.8,4.3
6,68,6.800000000000001,1.0554028212987325,1,10,60,3.8,4.3
6,69,6.9,1.0498795261480671,1,10,60,3.8,4.3
6,70,7.0,1.045707674693646,1,10,60,3.8,4.3
6,71,7.1000000000000005,1.0503843132447324,1,10,60,3.8,4.3
6,72,7.2,1.0479568450275754,1,10,60,3.8,4.3
6,73,7.300000000000001,1.0525219306469662,1,10,60,3.8,4.3
6,74,7.4,1.0480421280620928,1,10,60,3.8,4.3
6,75,7.5,1.0486614497003557,1,10,60,3.8,4.3
6,76,7.6000000000000005,1.0443313778071635,1,10,60,3.8,4.3
6,77,7.7,1.048643081042253,1,10,60,3.8,4.3
6,78,7.800000000000001,1.042728362020113,1,10,60,3.8,4.3
6,79,7.9,1.045248291529543,1,10,60,3.8,4.3
6,80,8.0,1.052281243968433,1,10,60,3.8,4.3
6,81,8.1,1.0523574004759526,1,10,60,3.8,4.3
6,82,8.200000000000001,1.051276372685355,1,10,60,3.8,4.3
6,83,8.3,1.0470990715706123,1,10,60,3.8,4.3
6,84,8.4,1.0498568659315741,1,10,60,3.8,4.3
6,85,8.5,1.0499891923827283,1,10,60,3.8,4.3
6,86,8.6,1.0465249059324224,1,10,60,3.8,4.3
6,87,8.700000000000001,1.0545101949053015,1,10,60,3.8,4.3
6,88,8.8,1.0526320868717272,1,10,60,3.8,4.3
6,89,8.9,1.049337107478511,1,10,60,3.8,4.3
6,90,9.0,1.0500806575169837,1,10,60,3.8,4.3
6,91,9.1,1.0506251484238427,1,10,60,3.8,4.3
6,92,9.200000000000001,1.0438747953947272,1,10,60,3.8,4.3
6,93,9.3,1.0492584678524381,1,10,60,3.8,4.3
6,94,9.4,1.0479540472560067,1,10,60,3.8,4.3
6,95,9.5,1.0469951399703152,1,10,60,3.8,4.3
6,96,9.600000000000001,1.0491566991213421,1,10,60,3.8,4.3
6,97,9.700000000000001,1.0553930595805485,1,10,60,3.8,4.3
6,98,9.8,1.051922528583801,1,10,60,3.8,4.3
6,99,9.9,1.0482864630306516,1,10,60,3.8,4.3
7,0,0.0,0.8531940790895234,3,10,25,5.5,6.0
7,1,0.1,1.2428385893235812,3,10,25,5.5,6.0
7,2,0.2,1.529062579400327,3,10,25,5.5,6.0
7,3,0.30000000000000004,1.7083178946232276,3,10,25,5.5,6.0
7,4,0.4,1.7635214248273736,3,10,25,5.5,6.0
7,5,0.5,1.7698487350713537,3,10,25,5.5,6.0
7,6,0.6000000000000001,1.7702882325351015,3,10,25,5.5,6.0
7,7,0.7000000000000001,1.824484156298717,3,10,25,5.5,6.0
7,8,0.8,1.9242209330467093,3,10,25,5.5,6.0
7,9,0.9,2.1134836503954086,3,10,25,5.5,6.0
7,10,1.0,2.296926416067226,3,10,25,5.5,6.0
7,11,1.1,2.4960385157165446,3,10,25,5.5,6.0
7,12,1.2000000000000002,2.6034234282348163,3,10,25,5.5,6.0
7,13,1.3,2.703214066923595,3,10,25,5.5,6.0
7,14,1.4000000000000001,2.7090093757761893,3,10,25,5.5,6.0
7,15,1.5,2.6873827035769593,3,10,25,5.5,6.0
7,16,1.6,2.6678492043704605,3,10,25,5.5,6.0
7,17,1.7000000000000002,2.663104784864044,3,10,25,5.5,6.0
7,18,1.8,2.6916139824355434,3,10,25,5.5,6.0
7,19,1.9000000000000001,2.740972832276355,3,10,25,5.5,6.0
7,20,2.0,2.7949811048036537,3,10,25,5.5,6.0
7,21,2.1,2.8661534387147585,3,10,25,5.5,6.0
7,22,2.2,2.9394049010410543,3,10,25,5.5,6.0
7,23,2.3000000000000003,2.9639901205112285,3,10,25,5.5,6.0
7,24,2.4000000000000004,2.956381706205341,3,10,25,5.5,6.0
7,25,2.5,2.9409322906949944,3,10,25,5.5,6.0
7,26,2.6,2.924161388104434,3,10,25,5.5,6.0
7,27,2.7,2.9159069446921424,3,10,25,5.5,6.0
7,28,2.8000000000000003,2.8977159354419775,3,10,25,5.5,6.0
7,29,2.9000000000000004,2.9165627459996823,3,10,25,5.5,6.0
7,30,3.0,2.923327593434983,3,10,25,5.5,6.0
7,31,3.1,2.9681658758065423,3,10,25,5.5,6.0
7,32,3.2,2.9912838928918264,3,10,25,5.5,6.0
7,33,3.3000000000000003,2.9922724191044505,3,10,25,5.5,6.0
7,34,3.4000000000000004,3.015298837143689,3,10,25,5.5,6.0
7,35,3.5,2.9817797843515876,3,10,25,5.5,6.0
7,36,3.6,2.9699975358947417,3,10,25,5.5,6.0
7,37,3.7,2.9782572485791725,3,10,25,5.5,6.0
7,38,3.8000000000000003,2.9821807744873072,3,10,25,5.5,6.0
7,39,3.9000000000000004,2.9900304826086557,3,10,25,5.5,6.0
7,40,4.0,2.9750708865178375,3,10,25,5.5,6.0
7,41,4.1000000000000005,2.9994726795459776,3,10,25,5.5,6.0
7,42,4.2,2.996898574007418,3,10,25,5.5,6.0
7,43,4.3,3.0012818316553322,3,10,25,5.5,6.0
7,44,4.4,3.0135389378888275,3,10,25,5.5,6.0
7,45,4.5,3.009220044103109,3,10,25,5.5,6.0
7,46,4.6000000000000005,2.982713384054326,3,10,25,5.5,6.0
7,47,4.7,3.0087797760557096,3,10,25,5.5,6.0
7,48,4.800000000000001,3.0048323529257686,3,10,25,5.5,6.0
7,49,4.9,2.984211308664726,3,10,25,5.5,6.0
7,50,5.0,2.9962398454692303,3,10,25,5.5,6.0
7,51,5.1000000000000005,3.000564831383905,3,10,25,5.5,6.0
7,52,5.2,3.0018503962931495,3,10,25,5.5,6.0
7,53,5.300000000000001,2.9964685880535256,3,10,25,5.5,6.0
7,54,5.4,2.9963901044939267,3,10,25,5.5,6.0
7,55,5.5,2.991311233865419,3,10,25,5.5,6.0
7,56,5.6000000000000005,3.0062651241143423,3,10,25,5.5,6.0
7,57,5.7,2.9995812311155343,3,10,25,5.5,6.0
7,58,5.800000000000001,3.0033245484502125,3,10,25,5.5,6.0
7,59,5.9,2.9968802822186236,3,10,25,5.5,6.0
7,60,6.0,3.0018383217151876,3,10,25,5.5,6.0
7,61,6.1000000000000005,2.996839753310479,3,10,25,5.5,6.0
7,62,6.2,2.9981286931179127,3,10,25,5.5,6.0
7,63,6.300000000000001,3.0057420940616004,3,10,25,5.5,6.0
7,64,6.4,2.99942795279771,3,10,25,5.5,6.0
7,65,6.5,3.000652298619539,3,10,25,5.5,6.0
7,66,6.6000000000000005,3.002610203192066,3,10,25,5.5,6.0
7,67,6.7,3.001487045663918,3,10,25,5.5,6.0
7,68,6.800000000000001,3.0004512567154307,3,10,25,5.5,6.0
7,69,6.9,3.0010948830073985,3,10,25,5.5,6.0
7,70,7.0,3.0072102467557147,3,10,25,5.5,6.0
7,71,7.1000000000000005,2.9998271436088992,3,10,25,5.5,6.0
7,72,7.2,3.000603297140145,3,10,25,5.5,6.0
7,73,7.300000000000001,3.003151963188023,3,10,25,5.5,6.0
7,74,7.4,3.003316577798874,3,10,25,5.5,6.0
7,75,7.5,3.003561090916681,3,10,25,5.5,6.0
7,76,7.6000000000000005,3.0019161906660874,3,10,25,5.5,6.0
7,77,7.7,2.9965709852618088,3,10,25,5.5,6.0
7,78,7.800000000000001,3.0049002945969034,3,10,25,5.5,6.0
7,79,7.9,2.996560963820944,3,10,25,5.5,6.0
7,80,8.0,3.000907906395717,3,10,25,5.5,6.0
7,81,8.1,2.9977371724499418,3,10,25,5.5,6.0
7,82,8.200000000000001,2.999807584960221,3,10,25,5.5,6.0
7,83,8.3,3.0009862872309103,3,10,25,5.5,6.0
7,84,8.4,3.000964071646351,3,10,25,5.5,6.0
7,85,8.5,3.001265762262706,3,10,25,5.5,6.0
7,86,8.6,3.004841133807176,3,10,25,5.5,6.0
7,87,8.700000000000001,3.001360602904542,3,10,25,5.5,6.0
7,88,8.8,2.9992675300941283,3,10,25,5.5,6.0
7,89,8.9,3.002892261504865,3,10,25,5.5,6.0
7,90,9.0,3.003568411466774,3,10,25,5.5,6.0
7,91,9.1,2.996317176554589,3,10,25,5.5,6.0
7,92,9.200000000000001,3.0017922002095494,3,10,25,5.5,6.0
7,93,9.3,3.002103518226933,3,10,25,5.5,6.0
7,94,9.4,2.99910730948992,3,10,25,5.5,6.0
7,95,9.5,3.004127120439935,3,10,25,5.5,6.0
7,96,9.600000000000001,2.9995498332389023,3,10,25,5.5,6.0
7,97,9.700000000000001,3.0003767293604144,3,10,25,5.5,6.0
7,98,9.8,2.9994807845271483,3,10,25,5.5,6.0
7,99,9.9,3.0000467371427444,3,10,25,5.5,6.0
8,0,0.0,0.3400328984287723,2,5,60,2.8,3.3
8,1,0.1,0.6123947714298064,2,5,60,2.8,3.3
8,2,0.2,0.7838942246592643,2,5,60,2.8,3.3
8,3,0.30000000000000004,0.791751441264197,2,5,60,2.8,3.3
8,4,0.4,0.7448402082093845,2,5,60,2.8,3.3
8,5,0.5,0.6509338009746725,2,5,60,2.8,3.3
8,6,0.6000000000000001,0.6041256581694534,2,5,60,2.8,3.3
8,7,0.7000000000000001,0.6901445963669918,2,5,60,2.8,3.3
8,8,0.8,0.8034699465280831,2,5,60,2.8,3.3
8,9,0.9,0.9388514101737773,2,5,60,2.8,3.3
8,10,1.0,1.0372432532193532,2,5,60,2.8,3.3
8,11,1.1,1.1457859978615164,2,5,60,2.8,3.3
8,12,1.2000000000000002,1.1089467967547593,2,5,60,2.8,3.3
8,13,1.3,1.0698454058978066,2,5,60,2.8,3.3
8,14,1.4000000000000001,1.057917282750563,2,5,60,2.8,3.3
8,15,1.5,1.059213612622039,2,5,60,2.8,3.3
8,16,1.6,1.0716945434257665,2,5,60,2.8,3.3
8,17,1.7000000000000002,1.1137767898317434,2,5,60,2.8,3.3
8,18,1.8,1.1714468906461928,2,5,60,2.8,3.3
8,19,1.9000000000000001,1.2178877909421595,2,5,60,2.8,3.3
8,20,2.0,1.235589468362939,2,5,60,2.8,3.3
8,21,2.1,1.2251218484917796,2,5,60,2.8,3.3
8,22,2.2,1.2042206893881886,2,5,60,2.8,3.3
8,23,2.3000000000000003,1.1843610810400675,2,5,60,2.8,3.3
8,24,2.4000000000000004,1.1711367150311431,2,5,60,2.8,3.3
8,25,2.5,1.1847694374392013,2,5,60,2.8,3.3
8,26,2.6,1.1904100491563707,2,5,60,2.8,3.3
8,27,2.7,1.2282998140102963,2,5,60,2.8,3.3
8,28,2.8000000000000003,1.2509926406966434,2,5,60,2.8,3.3
8,29,2.9000000000000004,1.2525005868848267,2,5,60,2.8,3.3
8,30,3.0,1.2440187930722857,2,5,60,2.8,3.3
8,31,3.1,1.2511221697095427,2,5,60,2.8,3.3
8,32,3.2,1.2536830069774199,2,5,60,2.8,3.3
8,33,3.3000000000000003,1.2463710769439265,2,5,60,2.8,3.3
8,34,3.4000000000000004,1.255017717160513,2,5,60,2.8,3.3
8,35,3.5,1.251257057028098,2,5,60,2.8,3.3
8,36,3.6,1.2478849644327248,2,5,60,2.8,3.3
8,37,3.7,1.249832692767027,2,5,60,2.8,3.3
8,38,3.8000000000000003,1.2516749807375651,2,5,60,2.8,3.3
8,39,3.9000000000000004,1.2502280161742372,2,5,60,2.8,3.3
8,40,4.0,1.251616267977339,2,5,60,2.8,3.3
8,41,4.1000000000000005,1.247237979220762,2,5,60,2.8,3.3
8,42,4.2,1.2505080824721082,2,5,60,2.8,3.3
8,43,4.3,1.245758856509285,2,5,60,2.8,3.3
8,44,4.4,1.2496663218159538,2,5,60,2.8,3.3
8,45,4.5,1.2472882770756055,2,5,60,2.8,3.3
8,46,4.6000000000000005,1.2477934101722308,2,5,60,2.8,3.3
8,47,4.7,1.2537082795256314,2,5,60,2.8,3.3
8,48,4.800000000000001,1.2532739303617828,2,5,60,2.8,3.3
8,49,4.9,1.2518274143627215,2,5,60,2.8,3.3
8,50,5.0,1.2467230617059823,2,5,60,2.8,3.3
8,51,5.1000000000000005,1.2490507746509156,2,5,60,2.8,3.3
8,52,5.2,1.2536392930999376,2,5,60,2.8,3.3
8,53,5.300000000000001,1.2504251507409196,2,5,60,2.8,3.3
8,54,5.4,1.2569579886199451,2,5,60,2.8,3.3
8,55,5.5,1.2511799535181831,2,5,60,2.8,3.3
8,56,5.6000000000000005,1.25057614734947,2,5,60,2.8,3.3
8,57,5.7,1.2490726506073926,2,5,60,2.8,3.3
8,58,5.800000000000001,1.250400622714347,2,5,60,2.8,3.3
8,59,5.9,1.2495425904908584,2,5,60,2.8,3.3
8,60,6.0,1.2521243260300658,2,5,60,2.8,3.3
8,61,6.1000000000000005,1.2528701069503838,2,5,60,2.8,3.3
8,62,6.2,1.2476420316184762,2,5,60,2.8,3.3
8,63,6.300000000000001,1.2460063011393268,2,5,60,2.8,3.3
8,64,6.4,1.2444913838806901,2,5,60,2.8,3.3
8,65,6.5,1.2515239739807376,2,5,60,2.8,3.3
8,66,6.6000000000000005,1.2466899001814784,2,5,60,2.8,3.3
8,67,6.7,1.2435413282211425,2,5,60,2.8,3.3
8,68,6.800000000000001,1.2511657358135928,2,5,60,2.8,3.3
8,69,6.9,1.2574789985522983,2,5,60,2.8,3.3
8,70,7.0,1.2499817872653802,2,5,60,2.8,3.3
8,71,7.1000000000000005,1.252515472323355,2,5,60,2.8,3.3
8,72,7.2,1.2502454880756426,2,5,60,2.8,3.3
8,73,7.300000000000001,1.2497033310404266,2,5,60,2.8,3.3
8,74,7.4,1.2527572294489633,2,5,60,2.8,3.3
8,75,7.5,1.2491291763674341,2,5,60,2.8,3.3
8,76,7.6000000000000005,1.2508021769422157,2,5,60,2.8,3.3
8,77,7.7,1.250965093418588,2,5,60,2.8,3.3
8,78,7.800000000000001,1.2479957286390708,2,5,60,2.8,3.3
8,79,7.9,1.2529761270486095,2,5,60,2.8,3.3
8,80,8.0,1.2494751207299137,2,5,60,2.8,3.3
8,81,8.1,1.2477327645215215,2,5,60,2.8,3.3
8,82,8.200000000000001,1.2516095295307113,2,5,60,2.8,3.3
8,83,8.3,1.247304596054627,2,5,60,2.8,3.3
8,84,8.4,1.2500845434721073,2,5,60,2.8,3.3
8,85,8.5,1.2499726430100675,2,5,60,2.8,3.3
8,86,8.6,1.2532576866974947,2,5,60,2.8,3.3
8,87,8.700000000000001,1.25142409469864,2,5,60,2.8,3.3
8,88,8.8,1.2499249191237645,2,5,60,2.8,3.3
8,89,8.9,1.252453298897601,2,5,60,2.8,3.3
8,90,9.0,1.254170622647052,2,5,60,2.8,3.3
8,91,9.1,1.2516734309190556,2,5,60,2.8,3.3
8,92,9.200000000000001,1.2500310578595302,2,5,60,2.8,3.3
8,93,9.3,1.2460644913029495,2,5,60,2.8,3.3
8,94,9.4,1.246804659010774,2,5,60,2.8,3.3
8,95,9.5,1.249084325886936,2,5,60,2.8,3.3
8,96,9.600000000000001,1.2481714633935221,2,5,60,2.8,3.3
8,97,9.700000000000001,1.2494390860910436,2,5,60,2.8,3.3
8,98,9.8,1.2501699497746914,2,5,60,2.8,3.3
8,99,9.9,1.25158907826307,2,5,60,2.8,3.3
9,0,0.0,0.7116651628442435,3,10,60,4.8,5.3
9,1,0.1,1.3679558323652368,3,10,60,4.8,5.3
9,2,0.2,1.4908219524958106,3,10,60,4.8,5.3
9,3,0.30000000000000004,1.304254080513469,3,10,60,4.8,5.3
9,4,0.4,1.2425162735315043,3,10,60,4.8,5.3
9,5,0.5,1.5345970034764314,3,10,60,4.8,5.3
9,6,0.6000000000000001,1.9849022863177466,3,10,60,4.8,5.3
9,7,0.7000000000000001,2.2897157535102193,3,10,60,4.8,5.3
9,8,0.8,2.2696307069099273,3,10,60,4.8,5.3
9,9,0.9,2.150768264680406,3,10,60,4.8,5.3
9,10,1.0,2.1728178383638834,3,10,60,4.8,5.3
9,11,1.1,2.38633478769778,3,10,60,4.8,5.3
9,12,1.2000000000000002,2.620694252815842,3,10,60,4.8,5.3
9,13,1.3,2.7207067001803398,3,10,60,4.8,5.3
9,14,1.4000000000000001,2.6728793969998383,3,10,60,4.8,5.3
9,15,1.5,2.6154746584635307,3,10,60,4.8,5.3
9,16,1.6,2.6653249360961473,3,10,60,4.8,5.3
9,17,1.7000000000000002,2.799655407475902,3,10,60,4.8,5.3
9,18,1.8,2.9013596646361917,3,10,60,4.8,5.3
9,19,1.9000000000000001,2.8920926475487936,3,10,60,4.8,5.3
9,20,2.0,2.839101303204882,3,10,60,4.8,5.3
9,21,2.1,2.853971194821338,3,10,60,4.8,5.3
9,22,2.2,2.8719046726503885,3,10,60,4.8,5.3
9,23,2.3000000000000003,2.9521038819603924,3,10,60,4.8,5.3
9,24,2.4000000000000004,2.981771364356407,3,10,60,4.8,5.3
9,25,2.5,2.9660177257024527,3,10,60,4.8,5.3
9,26,2.6,2.9631784950046107,3,10,60,4.8,5.3
9,27,2.7,2.9632182516582497,3,10,60,4.8,5.3
9,28,2.8000000000000003,2.979219982597441,3,10,60,4.8,5.3
9,29,2.9000000000000004,2.992825874345405,3,10,60,4.8,5.3
9,30,3.0,3.023909771061558,3,10,60,4.8,5.3
9,31,3.1,3.0208723886577653,3,10,60,4.8,5.3
9,32,3.2,2.9891540553546476,3,10,60,4.8,5.3
9,33,3.3000000000000003,3.010229807944649,3,10,60,4.8,5.3
9,34,3.4000000000000004,3.0265311303662696,3,10,60,4.8,5.3
9,35,3.5,3.0471488734225054,3,10,60,4.8,5.3
9,36,3.6,3.042637857784927,3,10,60,4.8,5.3
9,37,3.7,3.0226230559930514,3,10,60,4.8,5.3
9,38,3.8000000000000003,3.0393334421890685,3,10,60,4.8,5.3
9,39,3.9000000000000004,3.0312009174894574,3,10,60,4.8,5.3
9,40,4.0,3.042672400737756,3,10,60,4.8,5.3
9,41,4.1000000000000005,3.0389057616799207,3,10,60,4.8,5.3
9,42,4.2,3.0411543370967244,3,10,60,4.8,5.3
9,43,4.3,3.031486808013863,3,10,60,4.8,5.3
9,44,4.4,3.0375501638097733,3,10,60,4.8,5.3
9,45,4.5,3.0606776325429657,3,10,60,4.8,5.3
9,46,4.6000000000000005,3.0348820652739064,3,10,60,4.8,5.3
9,47,4.7,3.0336914900199057,3,10,60,4.8,5.3
9,48,4.800000000000001,3.056168621389821,3,10,60,4.8,5.3
9,49,4.9,3.046690374902835,3,10,60,4.8,5.3
9,50,5.0,3.0493362391292425,3,10,60,4.8,5.3
9,51,5.1000000000000005,3.0491695601003332,3,10,60,4.8,5.3
9,52,5.2,3.050922220093427,3,10,60,4.8,5.3
9,53,5.300000000000001,3.0524472116376176,3,10,60,4.8,5.3
9,54,5.4,3.052581420465079,3,10,60,4.8,5.3
9,55,5.5,3.048250767684293,3,10,60,4.8,5.3
9,56,5.6000000000000005,3.0494986348586406,3,10,60,4.8,5.3
9,57,5.7,3.0508477398514646,3,10,60,4.8,5.3
9,58,5.800000000000001,3.049253926621449,3,10,60,4.8,5.3
9,59,5.9,3.05482203672806,3,10,60,4.8,5.3
9,60,6.0,3.0514729248549144,3,10,60,4.8,5.3
9,61,6.1000000000000005,3.052204633358149,3,10,60,4.8,5.3
9,62,6.2,3.051988643806002,3,10,60,4.8,5.3
9,63,6.300000000000001,3.053520421572456,3,10,60,4.8,5.3
9,64,6.4,3.050543064676111,3,10,60,4.8,5.3
9,65,6.5,3.0461095041561324,3,10,60,4.8,5.3
9,66,6.6000000000000005,3.051199063855258,3,10,60,4.8,5.3
9,67,6.7,3.0480459293186244,3,10,60,4.8,5.3
9,68,6.800000000000001,3.0484141499547506,3,10,60,4.8,5.3
9,69,6.9,3.051759092056265,3,10,60,4.8,5.3
9,70,7.0,3.053714849214301,3,10,60,4.8,5.3
9,71,7.1000000000000005,3.050063814730208,3,10,60,4.8,5.3
9,72,7.2,3.050926499037797,3,10,60,4.8,5.3
9,73,7.300000000000001,3.0551066448339057,3,10,60,4.8,5.3
9,74,7.4,3.0507222595384653,3,10,60,4.8,5.3
9,75,7.5,3.057805049342541,3,10,60,4.8,5.3
9,76,7.6000000000000005,3.0516965289368945,3,10,60,4.8,5.3
9,77,7.7,3.0447177117225324,3,10,60,4.8,5.3
9,78,7.800000000000001,3.0522600248633136,3,10,60,4.8,5.3
9,79,7.9,3.0511434751546482,3,10,60,4.8,5.3
9,80,8.0,3.053869258262248,3,10,60,4.8,5.3
9,81,8.1,3.0520195440538096,3,10,60,4.8,5.3
9,82,8.200000000000001,3.0495846320480484,3,10,60,4.8,5.3
9,83,8.3,3.0463271052911316,3,10,60,4.8,5.3
9,84,8.4,3.0493729302281416,3,10,60,4.8,5.3
9,85,8.5,3.047448438637372,3,10,60,4.8,5.3
9,86,8.6,3.0482584296505855,3,10,60,4.8,5.3
9,87,8.700000000000001,3.0517657352132614,3,10,60,4.8,5.3
9,88,8.8,3.055009713513054,3,10,60,4.8,5.3
9,89,8.9,3.051184014589469,3,10,60,4.8,5.3
9,90,9.0,3.046412350813894,3,10,60,4.8,5.3
9,91,9.1,3.05133380800466,3,10,60,4.8,5.3
9,92,9.200000000000001,3.053589894459937,3,10,60,4.8,5.3
9,93,9.3,3.0481706512870415,3,10,60,4.8,5.3
9,94,9.4,3.049597948499981,3,10,60,4.8,5.3
9,95,9.5,3.0500440645841875,3,10,60,4.8,5.3
9,96,9.600000000000001,3.0476453050607533,3,10,60,4.8,5.3
9,97,9.700000000000001,3.0519448413015313,3,10,60,4.8,5.3
9,98,9.8,3.0496371555541764,3,10,60,4.8,5.3
9,99,9.9,3.051258597331721,3,10,60,4.8,5.3
10,0,0.0,0.596203053909209,3,5,25,3.2,3.7
10,1,0.1,0.8384003671321041,3,5,25,3.2,3.7
10,2,0.2,1.0057308941573906,3,5,25,3.2,3.7
10,3,0.30000000000000004,1.0599430494199045,3,5,25,3.2,3.7
10,4,0.4,1.0110868496755319,3,5,25,3.2,3.7
10,5,0.5,0.9743976259305034,3,5,25,3.2,3.7
10,6,0.6000000000000001,0.9893040040049932,3,5,25,3.2,3.7
10,7,0.7000000000000001,1.0962172320328645,3,5,25,3.2,3.7
10,8,0.8,1.2080577831397872,3,5,25,3.2,3.7
10,9,0.9,1.382089437384996,3,5,25,3.2,3.7
10,10,1.0,1.4674026533676017,3,5,25,3.2,3.7
10,11,1.1,1.5421504199372107,3,5,25,3.2,3.7
10,12,1.2000000000000002,1.5744359619834842,3,5,25,3.2,3.7
10,13,1.3,1.5689438173428543,3,5,25,3.2,3.7
10,14,1.4000000000000001,1.5570735069120107,3,5,25,3.2,3.7
10,15,1.5,1.554366563693509,3,5,25,3.2,3.7
10,16,1.6,1.5833843843730484,3,5,25,3.2,3.7
10,17,1.7000000000000002,1.62780854107203,3,5,25,3.2,3.7
10,18,1.8,1.6811850637010168,3,5,25,3.2,3.7
10,19,1.9000000000000001,1.7075021481556345,3,5,25,3.2,3.7
10,20,2.0,1.7248345305395905,3,5,25,3.2,3.7
10,21,2.1,1.7348588342543572,3,5,25,3.2,3.7
10,22,2.2,1.7253187138736694,3,5,25,3.2,3.7
10,23,2.3000000000000003,1.7152216493704726,3,5,25,3.2,3.7
10,24,2.4000000000000004,1.7275184218649582,3,5,25,3.2,3.7
10,25,2.5,1.74087675717241,3,5,25,3.2,3.7
10,26,2.6,1.749577773944034,3,5,25,3.2,3.7
10,27,2.7,1.7813622473820339,3,5,25,3.2,3.7
10,28,2.8000000000000003,1.7680612965069158,3,5,25,3.2,3.7
10,29,2.9000000000000004,1.7828463192205235,3,5,25,3.2,3.7
10,30,3.0,1.776314161014902,3,5,25,3.2,3.7
10,31,3.1,1.7603805959037828,3,5,25,3.2,3.7
10,32,3.2,1.7969525345430646,3,5,25,3.2,3.7
10,33,3.3000000000000003,1.8001850395495438,3,5,25,3.2,3.7
10,34,3.4000000000000004,1.8012864495009915,3,5,25,3.2,3.7
10,35,3.5,1.8020793168217892,3,5,25,3.2,3.7
10,36,3.6,1.8005293246658316,3,5,25,3.2,3.7
10,37,3.7,1.7988989164827498,3,5,25,3.2,3.7
10,38,3.8000000000000003,1.7975172293380537,3,5,25,3.2,3.7
10,39,3.9000000000000004,1.800258431649139,3,5,25,3.2,3.7
10,40,4.0,1.796783582964043,3,5,25,3.2,3.7
10,41,4.1000000000000005,1.791235948549516,3,5,25,3.2,3.7
10,42,4.2,1.8013096794124728,3,5,25,3.2,3.7
10,43,4.3,1.8027118045232584,3,5,25,3.2,3.7
10,44,4.4,1.7929112026933742,3,5,25,3.2,3.7
10,45,4.5,1.79697080788587,3,5,25,3.2,3.7
10,46,4.6000000000000005,1.8018574627830155,3,5,25,3.2,3.7
10,47,4.7,1.8061724864091349,3,5,25,3.2,3.7
10,48,4.800000000000001,1.800062381123026,3,5,25,3.2,3.7
10,49,4.9,1.7978159911763125,3,5,25,3.2,3.7
10,50,5.0,1.7994513106766854,3,5,25,3.2,3.7
10,51,5.1000000000000005,1.8041246292574444,3,5,25,3.2,3.7
10,52,5.2,1.7980621074626262,3,5,25,3.2,3.7
10,53,5.300000000000001,1.797602423980049,3,5,25,3.2,3.7
10,54,5.4,1.7985517694334536,3,5,25,3.2,3.7
10,55,5.5,1.7971400141752236,3,5,25,3.2,3.7
10,56,5.6000000000000005,1.8003680109479843,3,5,25,3.2,3.7
10,57,5.7,1.8048740353754085,3,5,25,3.2,3.7
10,58,5.800000000000001,1.8009692378193478,3,5,25,3.2,3.7
10,59,5.9,1.799242939493621,3,5,25,3.2,3.7
10,60,6.0,1.7991245661932531,3,5,25,3.2,3.7
10,61,6.1000000000000005,1.7953104275739098,3,5,25,3.2,3.7
10,62,6.2,1.8026493293314414,3,5,25,3.2,3.7
10,63,6.300000000000001,1.7997664884089615,3,5,25,3.2,3.7
10,64,6.4,1.799458560259228,3,5,25,3.2,3.7
10,65,6.5,1.8095793227035344,3,5,25,3.2,3.7
10,66,6.6000000000000005,1.800896258725097,3,5,25,3.2,3.7
10,67,6.7,1.7977446268497144,3,5,25,3.2,3.7
10,68,6.800000000000001,1.798720927211383,3,5,25,3.2,3.7
10,69,6.9,1.80344533712759,3,5,25,3.2,3.7
10,70,7.0,1.8003398112316131,3,5,25,3.2,3.7
10,71,7.1000000000000005,1.7956851660650477,3,5,25,3.2,3.7
10,72,7.2,1.8027576868037254,3,5,25,3.2,3.7
10,73,7.300000000000001,1.7979955677433828,3,5,25,3.2,3.7
10,74,7.4,1.8056198933286525,3,5,25,3.2,3.7
10,75,7.5,1.8032401441971437,3,5,25,3.2,3.7
10,76,7.6000000000000005,1.7986580343130236,3,5,25,3.2,3.7
10,77,7.7,1.803843049085205,3,5,25,3.2,3.7
10,78,7.800000000000001,1.800203566531582,3,5,25,3.2,3.7
10,79,7.9,1.8025583210253664,3,5,25,3.2,3.7
10,80,8.0,1.8014541984518833,3,5,25,3.2,3.7
10,81,8.1,1.7974609300350273,3,5,25,3.2,3.7
10,82,8.200000000000001,1.7980693505030474,3,5,25,3.2,3.7
10,83,8.3,1.8030898824527433,3,5,25,3.2,3.7
10,84,8.4,1.79899567400368,3,5,25,3.2,3.7
10,85,8.5,1.7987890546102738,3,5,25,3.2,3.7
10,86,8.6,1.7971346322619517,3,5,25,3.2,3.7
10,87,8.700000000000001,1.8012707971967803,3,5,25,3.2,3.7
10,88,8.8,1.8061875747577292,3,5,25,3.2,3.7
10,89,8.9,1.796797401257237,3,5,25,3.2,3.7
10,90,9.0,1.8000726583700182,3,5,25,3.2,3.7
10,91,9.1,1.8042366616662462,3,5,25,3.2,3.7
10,92,9.200000000000001,1.7997610758262628,3,5,25,3.2,3.7
10,93,9.3,1.801357115388749,3,5,25,3.2,3.7
10,94,9.4,1.7968128194155593,3,5,25,3.2,3.7
10,95,9.5,1.8012849212916229,3,5,25,3.2,3.7
10,96,9.600000000000001,1.7994385672049862,3,5,25,3.2,3.7
10,97,9.700000000000001,1.8029571899870394,3,5,25,3.2,3.7
10,98,9.8,1.8035621581546941,3,5,25,3.2,3.7
10,99,9.9,1.8077686909260557,3,5,25,3.2,3.7
11,0,0.0,0.5222243854355267,3,5,25,7.0,7.5
11,1,0.1,0.9804222475700192,3,5,25,7.0,7.5
11,2,0.2,1.1008112935216248,3,5,25,7.0,7.5
11,3,0.30000000000000004,0.9522357975302065,3,5,25,7.0,7.5
11,4,0.4,0.7555387903218115,3,5,25,7.0,7.5
11,5,0.5,0.798256250448179,3,5,25,7.0,7.5
11,6,0.6000000000000001,1.0239711295374379,3,5,25,7.0,7.5
11,7,0.7000000000000001,1.283674992703963,3,5,25,7.0,7.5
11,8,0.8,1.426805875698782,3,5,25,7.0,7.5
11,9,0.9,1.4484878213160794,3,5,25,7.0,7.5
11,10,1.0,1.3952142600951019,3,5,25,7.0,7.5
11,11,1.1,1.3452129718515196,3,5,25,7.0,7.5
11,12,1.2000000000000002,1.3906828410276033,3,5,25,7.0,7.5
11,13,1.3,1.5125864006001377,3,5,25,7.0,7.5
11,14,1.4000000000000001,1.630899668616359,3,5,25,7.0,7.5
11,15,1.5,1.669589158355536,3,5,25,7.0,7.5
11,16,1.6,1.645466507517219,3,5,25,7.0,7.5
11,17,1.7000000000000002,1.615130250053699,3,5,25,7.0,7.5
11,18,1.8,1.6149710418279568,3,5,25,7.0,7.5
11,19,1.9000000000000001,1.6470011706765275,3,5,25,7.0,7.5
11,20,2.0,1.7231569573543806,3,5,25,7.0,7.5
11,21,2.1,1.7378599624532622,3,5,25,7.0,7.5
11,22,2.2,1.7586022346055934,3,5,25,7.0,7.5
11,23,2.3000000000000003,1.7494322678219407,3,5,25,7.0,7.5
11,24,2.4000000000000004,1.7351825571128923,3,5,25,7.0,7.5
11,25,2.5,1.727638291271996,3,5,25,7.0,7.5
11,26,2.6,1.7554350654374156,3,5,25,7.0,7.5
11,27,2.7,1.7705838548540183,3,5,25,7.0,7.5
11,28,2.8000000000000003,1.770792124448569,3,5,25,7.0,7.5
11,29,2.9000000000000004,1.7809565528209466,3,5,25,7.0,7.5
11,30,3.0,1.7600661192144844,3,5,25,7.0,7.5
11,31,3.1,1.7822170508768913,3,5,25,7.0,7.5
11,32,3.2,1.7710877963009992,3,5,25,7.0,7.5
11,33,3.3000000000000003,1.7864848882533935,3,5,25,7.0,7.5
11,34,3.4000000000000004,1.7938416554492205,3,5,25,7.0,7.5
11,35,3.5,1.7899042901567688,3,5,25,7.0,7.5
11,36,3.6,1.7962096781899701,3,5,25,7.0,7.5
11,37,3.7,1.7834621156205697,3,5,25,7.0,7.5
11,38,3.8000000000000003,1.7974511827305166,3,5,25,7.0,7.5
11,39,3.9000000000000004,1.7783493347562933,3,5,25,7.0,7.5
11,40,4.0,1.7965581548593557,3,5,25,7.0,7.5
11,41,4.1000000000000005,1.8165280712052494,3,5,25,7.0,7.5
11,42,4.2,1.786907858261677,3,5,25,7.0,7.5
11,43,4.3,1.7889902500522314,3,5,25,7.0,7.5
11,44,4.4,1.8003618746805583,3,5,25,7.0,7.5
11,45,4.5,1.797727004427151,3,5,25,7.0,7.5
11,46,4.6000000000000005,1.8009053363794953,3,5,25,7.0,7.5
11,47,4.7,1.803520384633591,3,5,25,7.0,7.5
11,48,4.800000000000001,1.8053409829324816,3,5,25,7.0,7.5
11,49,4.9,1.809730179034572,3,5,25,7.0,7.5
11,50,5.0,1.802271262904044,3,5,25,7.0,7.5
11,51,5.1000000000000005,1.795733242413941,3,5,25,7.0,7.5
11,52,5.2,1.8053382316380255,3,5,25,7.0,7.5
11,53,5.300000000000001,1.8182270394520588,3,5,25,7.0,7.5
11,54,5.4,1.7982724456950463,3,5,25,7.0,7.5
11,55,5.5,1.7898467483322424,3,5,25,7.0,7.5
11,56,5.6000000000000005,1.8104500532530599,3,5,25,7.0,7.5
11,57,5.7,1.798033532394309,3,5,25,7.0,7.5
11,58,5.800000000000001,1.7775900552060322,3,5,25,7.0,7.5
11,59,5.9,1.8080322861709366,3,5,25,7.0,7.5
11,60,6.0,1.7944330946193443,3,5,25,7.0,7.5
11,61,6.1000000000000005,1.7989656030252115,3,5,25,7.0,7.5
11,62,6.2,1.803134400264851,3,5,25,7.0,7.5
11,63,6.300000000000001,1.8016265413774921,3,5,25,7.0,7.5
11,64,6.4,1.8067903351999042,3,5,25,7.0,7.5
11,65,6.5,1.7954083780658026,3,5,25,7.0,7.5
11,66,6.6000000000000005,1.8050014483273558,3,5,25,7.0,7.5
11,67,6.7,1.7973481359487173,3,5,25,7.0,7.5
11,68,6.800000000000001,1.8073377505570756,3,5,25,7.0,7.5
11,69,6.9,1.8060654754157754,3,5,25,7.0,7.5
11,70,7.0,1.8015336077985749,3,5,25,7.0,7.5
11,71,7.1000000000000005,1.8041209756354888,3,5,25,7.0,7.5
11,72,7.2,1.7995876544561167,3,5,25,7.0,7.5
11,73,7.300000000000001,1.8028586236416086,3,5,25,7.0,7.5
11,74,7.4,1.8048368347739658,3,5,25,7.0,7.5
11,75,7.5,1.803944743360752,3,5,25,7.0,7.5
11,76,7.6000000000000005,1.804919893588114,3,5,25,7.0,7.5
11,77,7.7,1.8022263824732154,3,5,25,7.0,7.5
11,78,7.800000000000001,1.8002263009167045,3,5,25,7.0,7.5
11,79,7.9,1.7951941025643083,3,5,25,7.0,7.5
11,80,8.0,1.79926181253561,3,5,25,7.0,7.5
11,81,8.1,1.7974702602140513,3,5,25,7.0,7.5
11,82,8.200000000000001,1.8065128281524934,3,5,25,7.0,7.5
11,83,8.3,1.7994723425627028,3,5,25,7.0,7.5
11,84,8.4,1.8003696144203534,3,5,25,7.0,7.5
11,85,8.5,1.8016544561281211,3,5,25,7.0,7.5
11,86,8.6,1.8001308073391171,3,5,25,7.0,7.5
11,87,8.700000000000001,1.8050851531212921,3,5,25,7.0,7.5
11,88,8.8,1.7981320519147965,3,5,25,7.0,7.5
11,89,8.9,1.8005838223657116,3,5,25,7.0,7.5
11,90,9.0,1.7977725882429056,3,5,25,7.0,7.5
11,91,9.1,1.7960399324663376,3,5,25,7.0,7.5
11,92,9.200000000000001,1.798164692727284,3,5,25,7.0,7.5
11,93,9.3,1.7998888896088545,3,5,25,7.0,7.5
11,94,9.4,1.798712093326448,3,5,25,7.0,7.5
11,95,9.5,1.7979227370603783,3,5,25,7.0,7.5
11,96,9.600000000000001,1.7957810476089844,3,5,25,7.0,7.5
11,97,9.700000000000001,1.7997506832821137,3,5,25,7.0,7.5
11,98,9.8,1.795485838877907,3,5,25,7.0,7.5
11,99,9.9,1.8022801678910687,3,5,25,7.0,7.5
12,0,0.0,0.21608081874628063,3,5,25,5.0,5.5
12,1,0.1,0.5967154318322263,3,5,25,5.0,5.5
12,2,0.2,0.854062135568421,3,5,25,5.0,5.5
12,3,0.30000000000000004,0.9748191635797123,3,5,25,5.0,5.5
12,4,0.4,0.9612892302410426,3,5,25,5.0,5.5
12,5,0.5,0.9682916115097748,3,5,25,5.0,5.5
12,6,0.6000000000000001,0.9727736224646738,3,5,25,5.0,5.5
12,7,0.7000000000000001,1.0357063072540633,3,5,25,5.0,5.5
12,8,0.8,1.1327981557071483,3,5,25,5.0,5.5
12,9,0.9,1.2513124067409052,3,5,25,5.0,5.5
12,10,1.0,1.3821633617913358,3,5,25,5.0,5.5
12,11,1.1,1.4787405472292454,3,5,25,5.0,5.5
12,12,1.2000000000000002,1.5622197301258502,3,5,25,5.0,5.5
12,13,1.3,1.5818898697984338,3,5,25,5.0,5.5
12,14,1.4000000000000001,1.6080931037742456,3,5,25,5.0,5.5
12,15,1.5,1.5881845143054654,3,5,25,5.0,5.5
12,16,1.6,1.5862670798240828,3,5,25,5.0,5.5
12,17,1.7000000000000002,1.5939914463462204,3,5,25,5.0,5.5
12,18,1.8,1.6177298438247554,3,5,25,5.0,5.5
12,19,1.9000000000000001,1.652258371903965,3,5,25,5.0,5.5
12,20,2.0,1.702014756804264,3,5,25,5.0,5.5
12,21,2.1,1.7290561257613413,3,5,25,5.0,5.5
12,22,2.2,1.7236558905416104,3,5,25,5.0,5.5
12,23,2.3000000000000003,1.7555284194074503,3,5,25,5.0,5.5
12,24,2.4000000000000004,1.743467566039774,3,5,25,5.0,5.5
12,25,2.5,1.7498050075340783,3,5,25,5.0,5.5
12,26,2.6,1.765809056965822,3,5,25,5.0,5.5
12,27,2.7,1.762762634368838,3,5,25,5.0,5.5
12,28,2.8000000000000003,1.7577909982723834,3,5,25,5.0,5.5
12,29,2.9000000000000004,1.7595151309853387,3,5,25,5.0,5.5
12,30,3.0,1.754472520337697,3,5,25,5.0,5.5
12,31,3.1,1.7746712784382146,3,5,25,5.0,5.5
12,32,3.2,1.7833791075044425,3,5,25,5.0,5.5
12,33,3.3000000000000003,1.777232025021424,3,5,25,5.0,5.5
12,34,3.4000000000000004,1.786148584663185,3,5,25,5.0,5.5
12,35,3.5,1.7882352660263088,3,5,25,5.0,5.5
12,36,3.6,1.7855814665209817,3,5,25,5.0,5.5
12,37,3.7,1.7823756275792313,3,5,25,5.0,5.5
12,38,3.8000000000000003,1.7922214485728416,3,5,25,5.0,5.5
12,39,3.9000000000000004,1.7968961475580643,3,5,25,5.0,5.5
12,40,4.0,1.7833939668480536,3,5,25,5.0,5.5
12,41,4.1000000000000005,1.8098000187767984,3,5,25,5.0,5.5
12,42,4.2,1.795548044061907,3,5,25,5.0,5.5
12,43,4.3,1.7970839504794518,3,5,25,5.0,5.5
12,44,4.4,1.8040481167783702,3,5,25,5.0,5.5
12,45,4.5,1.7992975174742374,3,5,25,5.0,5.5
12,46,4.6000000000000005,1.8065926372178767,3,5,25,5.0,5.5
12,47,4.7,1.8001971216012331,3,5,25,5.0,5.5
12,48,4.800000000000001,1.791612225183109,3,5,25,5.0,5.5
12,49,4.9,1.8018248326686586,3,5,25,5.0,5.5
12,50,5.0,1.7975711894402349,3,5,25,5.0,5.5
12,51,5.1000000000000005,1.801272183133392,3,5,25,5.0,5.5
12,52,5.2,1.7985784819587871,3,5,25,5.0,5.5
12,53,5.300000000000001,1.799956643187365,3,5,25,5.0,5.5
12,54,5.4,1.8016388527440108,3,5,25,5.0,5.5
12,55,5.5,1.8000192668094326,3,5,25,5.0,5.5
12,56,5.6000000000000005,1.79869084232842,3,5,25,5.0,5.5
12,57,5.7,1.7996711705882222,3,5,25,5.0,5.5
12,58,5.800000000000001,1.7997349111223837,3,5,25,5.0,5.5
12,59,5.9,1.7988899669103535,3,5,25,5.0,5.5
12,60,6.0,1.7992236118119984,3,5,25,5.0,5.5
12,61,6.1000000000000005,1.804795941511514,3,5,25,5.0,5.5
12,62,6.2,1.8016827583438235,3,5,25,5.0,5.5
12,63,6.300000000000001,1.7991135590459124,3,5,25,5.0,5.5
12,64,6.4,1.802090863213532,3,5,25,5.0,5.5
12,65,6.5,1.7989985415307317,3,5,25,5.0,5.5
12,66,6.6000000000000005,1.8035193739127597,3,5,25,5.0,5.5
12,67,6.7,1.801108926576594,3,5,25,5.0,5.5
12,68,6.800000000000001,1.799678093567987,3,5,25,5.0,5.5
12,69,6.9,1.8013431507774307,3,5,25,5.0,5.5
12,70,7.0,1.7952873715437943,3,5,25,5.0,5.5
12,71,7.1000000000000005,1.7966196975932704,3,5,25,5.0,5.5
12,72,7.2,1.7964182249808027,3,5,25,5.0,5.5
12,73,7.300000000000001,1.800428829284291,3,5,25,5.0,5.5
12,74,7.4,1.8051975449984552,3,5,25,5.0,5.5
12,75,7.5,1.8066939004385778,3,5,25,5.0,5.5
12,76,7.6000000000000005,1.8019141533043221,3,5,25,5.0,5.5
12,77,7.7,1.8015025334248331,3,5,25,5.0,5.5
12,78,7.800000000000001,1.7945968267975416,3,5,25,5.0,5.5
12,79,7.9,1.7983719786007977,3,5,25,5.0,5.5
12,80,8.0,1.7976366487442752,3,5,25,5.0,5.5
12,81,8.1,1.7981374572052464,3,5,25,5.0,5.5
12,82,8.200000000000001,1.7994955685442455,3,5,25,5.0,5.5
12,83,8.3,1.7985837282669084,3,5,25,5.0,5.5
12,84,8.4,1.7940621005688724,3,5,25,5.0,5.5
12,85,8.5,1.8022437307683523,3,5,25,5.0,5.5
12,86,8.6,1.7967817709227805,3,5,25,5.0,5.5
12,87,8.700000000000001,1.8007177405923334,3,5,25,5.0,5.5
12,88,8.8,1.8062222480092498,3,5,25,5.0,5.5
12,89,8.9,1.7972418462252406,3,5,25,5.0,5.5
12,90,9.0,1.7924091374317608,3,5,25,5.0,5.5
12,91,9.1,1.7991419873343595,3,5,25,5.0,5.5
12,92,9.200000000000001,1.8033028789049956,3,5,25,5.0,5.5
12,93,9.3,1.8058750423626615,3,5,25,5.0,5.5
12,94,9.4,1.7963113512166426,3,5,25,5.0,5.5
12,95,9.5,1.8014900976697095,3,5,25,5.0,5.5
12,96,9.600000000000001,1.7986040686296596,3,5,25,5.0,5.5
12,97,9.700000000000001,1.7996821549370874,3,5,25,5.0,5.5
12,98,9.8,1.807933030041051,3,5,25,5.0,5.5
12,99,9.9,1.7954910890148144,3,5,25,5.0,5.5
13,0,0.0,0.18251362974230845,1,5,25,3.5,4.0
13,1,0.1,0.4987683448347163,1,5,25,3.5,4.0
13,2,0.2,0.6793998714582813,1,5,25,3.5,4.0
13,3,0.30000000000000004,0.667685818925151,1,5,25,3.5,4.0
13,4,0.4,0.5248159838872043,1,5,25,3.5,4.0
13,5,0.5,0.31239456012762284,1,5,25,3.5,4.0
13,6,0.6000000000000001,0.15621137955580336,1,5,25,3.5,4.0
13,7,0.7000000000000001,0.08925916117655515,1,5,25,3.5,4.0
13,8,0.8,0.16560730387584782,1,5,25,3.5,4.0
13,9,0.9,0.32246589330884806,1,5,25,3.5,4.0
13,10,1.0,0.5216650692551223,1,5,25,3.5,4.0
13,11,1.1,0.6564876425101951,1,5,25,3.5,4.0
13,12,1.2000000000000002,0.7007277576791355,1,5,25,3.5,4.0
13,13,1.3,0.7007084099238666,1,5,25,3.5,4.0
13,14,1.4000000000000001,0.5852753971008021,1,5,25,3.5,4.0
13,15,1.5,0.4788766717496561,1,5,25,3.5,4.0
13,16,1.6,0.4025376107410991,1,5,25,3.5,4.0
13,17,1.7000000000000002,0.4056851214183225,1,5,25,3.5,4.0
13,18,1.8,0.41570180923161565,1,5,25,3.5,4.0
13,19,1.9000000000000001,0.5525562421548464,1,5,25,3.5,4.0
13,20,2.0,0.620011911857584,1,5,25,3.5,4.0
13,21,2.1,0.671953291166887,1,5,25,3.5,4.0
13,22,2.2,0.683880487575041,1,5,25,3.5,4.0
13,23,2.3000000000000003,0.658267159392154,1,5,25,3.5,4.0
13,24,2.4000000000000004,0.6059009608618005,1,5,25,3.5,4.0
13,25,2.5,0.5519844814822964,1,5,25,3.5,4.0
13,26,2.6,0.5174810803362756,1,5,25,3.5,4.0
13,27,2.7,0.5115587570129225,1,5,25,3.5,4.0
13,28,2.8000000000000003,0.5367538523449183,1,5,25,3.5,4.0
13,29,2.9000000000000004,0.5807398193993744,1,5,25,3.5,4.0
13,30,3.0,0.6212777609796841,1,5,25,3.5,4.0
13,31,3.1,0.6582273314733808,1,5,25,3.5,4.0
13,32,3.2,0.6528615736681654,1,5,25,3.5,4.0
13,33,3.3000000000000003,0.597366874772295,1,5,25,3.5,4.0
13,34,3.4000000000000004,0.6035946751355016,1,5,25,3.5,4.0
13,35,3.5,0.599923277063424,1,5,25,3.5,4.0
13,36,3.6,0.5946927722853326,1,5,25,3.5,4.0
13,37,3.7,0.5979158606067329,1,5,25,3.5,4.0
13,38,3.8000000000000003,0.5987721526856606,1,5,25,3.5,4.0
13,39,3.9000000000000004,0.5984277348061962,1,5,25,3.5,4.0
13,40,4.0,0.6004570646161012,1,5,25,3.5,4.0
13,41,4.1000000000000005,0.5975327402028534,1,5,25,3.5,4.0
13,42,4.2,0.6033630920019734,1,5,25,3.5,4.0
13,43,4.3,0.6000006211947546,1,5,25,3.5,4.0
13,44,4.4,0.5999720990365841,1,5,25,3.5,4.0
13,45,4.5,0.5990163158504612,1,5,25,3.5,4.0
13,46,4.6000000000000005,0.6004655720515769,1,5,25,3.5,4.0
13,47,4.7,0.6024752947940029,1,5,25,3.5,4.0
13,48,4.800000000000001,0.5973986093528673,1,5,25,3.5,4.0
13,49,4.9,0.5980256505327742,1,5,25,3.5,4.0
13,50,5.0,0.59908882191367,1,5,25,3.5,4.0
13,51,5.1000000000000005,0.5959623872295803,1,5,25,3.5,4.0
13,52,5.2,0.5975422264208354,1,5,25,3.5,4.0
13,53,5.300000000000001,0.598571337379366,1,5,25,3.5,4.0
13,54,5.4,0.6026231675421382,1,5,25,3.5,4.0
13,55,5.5,0.6007876839870058,1,5,25,3.5,4.0
13,56,5.6000000000000005,0.6005807697341026,1,5,25,3.5,4.0
13,57,5.7,0.6025526938865039,1,5,25,3.5,4.0
13,58,5.800000000000001,0.5995878846348018,1,5,25,3.5,4.0
13,59,5.9,0.6011713945497866,1,5,25,3.5,4.0
13,60,6.0,0.5996903347412025,1,5,25,3.5,4.0
13,61,6.1000000000000005,0.6007960870481989,1,5,25,3.5,4.0
13,62,6.2,0.5982517240271652,1,5,25,3.5,4.0
13,63,6.300000000000001,0.5926835485251707,1,5,25,3.5,4.0
13,64,6.4,0.5995971625134411,1,5,25,3.5,4.0
13,65,6.5,0.6042682444082998,1,5,25,3.5,4.0
13,66,6.6000000000000005,0.6027786462067247,1,5,25,3.5,4.0
13,67,6.7,0.6028961924537735,1,5,25,3.5,4.0
13,68,6.800000000000001,0.6037083921654186,1,5,25,3.5,4.0
13,69,6.9,0.6002659727728843,1,5,25,3.5,4.0
13,70,7.0,0.6005919471222168,1,5,25,3.5,4.0
13,71,7.1000000000000005,0.5981470443136969,1,5,25,3.5,4.0
13,72,7.2,0.5990517814319188,1,5,25,3.5,4.0
13,73,7.300000000000001,0.6018473134493134,1,5,25,3.5,4.0
13,74,7.4,0.6036116533115065,1,5,25,3.5,4.0
13,75,7.5,0.599581661172957,1,5,25,3.5,4.0
13,76,7.6000000000000005,0.5986494322054458,1,5,25,3.5,4.0
13,77,7.7,0.6000015838765698,1,5,25,3.5,4.0
13,78,7.800000000000001,0.6018036202467874,1,5,25,3.5,4.0
13,79,7.9,0.5956684355515993,1,5,25,3.5,4.0
13,80,8.0,0.5931114571405882,1,5,25,3.5,4.0
13,81,8.1,0.5983483894515252,1,5,25,3.5,4.0
13,82,8.200000000000001,0.5963378627222575,1,5,25,3.5,4.0
13,83,8.3,0.5984755794070581,1,5,25,3.5,4.0
13,84,8.4,0.5995566590435476,1,5,25,3.5,4.0
13,85,8.5,0.5986402547729309,1,5,25,3.5,4.0
13,86,8.6,0.6043574026034122,1,5,25,3.5,4.0
13,87,8.700000000000001,0.600980234293807,1,5,25,3.5,4.0
13,88,8.8,0.6009014230788324,1,5,25,3.5,4.0
13,89,8.9,0.6018666214321302,1,5,25,3.5,4.0
13,90,9.0,0.5965835006466577,1,5,25,3.5,4.0
13,91,9.1,0.6031173353622608,1,5,25,3.5,4.0
13,92,9.200000000000001,0.5997727071403935,1,5,25,3.5,4.0
13,93,9.3,0.6020114418517236,1,5,25,3.5,4.0
13,94,9.4,0.5967844283008795,1,5,25,3.5,4.0
13,95,9.5,0.5953387237019517,1,5,25,3.5,4.0
13,96,9.600000000000001,0.602453668974075,1,5,25,3.5,4.0
13,97,9.700000000000001,0.6011292285782925,1,5,25,3.5,4.0
13,98,9.8,0.5972938453369274,1,5,25,3.5,4.0
13,99,9.9,0.5973910107561758,1,5,25,3.5,4.0
14,0,0.0,0.30972947165028564,3,5,25,4.0,4.5
14,1,0.1,0.7197146369309552,3,5,25,4.0,4.5
14,2,0.2,0.9167052637064194,3,5,25,4.0,4.5
14,3,0.30000000000000004,0.8626745076660846,3,5,25,4.0,4.5
14,4,0.4,0.7549732100453398,3,5,25,4.0,4.5
14,5,0.5,0.754419824817421,3,5,25,4.0,4.5
14,6,0.6000000000000001,0.9152639039950086,3,5,25,4.0,4.5
14,7,0.7000000000000001,1.2002681173412215,3,5,25,4.0,4.5
14,8,0.8,1.4084815404965143,3,5,25,4.0,4.5
14,9,0.9,1.489355028165587,3,5,25,4.0,4.5
14,10,1.0,1.4308220819829194,3,5,25,4.0,4.5
14,11,1.1,1.3336809216256311,3,5,25,4.0,4.5
14,12,1.2000000000000002,1.3460168144297004,3,5,25,4.0,4.5
14,13,1.3,1.4618784624770143,3,5,25,4.0,4.5
14,14,1.4000000000000001,1.5865533879402107,3,5,25,4.0,4.5
14,15,1.5,1.68752452077825,3,5,25,4.0,4.5
14,16,1.6,1.7108469238916713,3,5,25,4.0,4.5
14,17,1.7000000000000002,1.6691992633874342,3,5,25,4.0,4.5
14,18,1.8,1.618646606630288,3,5,25,4.0,4.5
14,19,1.9000000000000001,1.590565087798243,3,5,25,4.0,4.5
14,20,2.0,1.661660730264866,3,5,25,4.0,4.5
14,21,2.1,1.7327785100113067,3,5,25,4.0,4.5
14,22,2.2,1.786780609550995,3,5,25,4.0,4.5
14,23,2.3000000000000003,1.7896134211724022,3,5,25,4.0,4.5
14,24,2.4000000000000004,1.7530046193604156,3,5,25,4.0,4.5
14,25,2.5,1.724169372809993,3,5,25,4.0,4.5
14,26,2.6,1.716312362359175,3,5,25,4.0,4.5
14,27,2.7,1.7338236612162092,3,5,25,4.0,4.5
14,28,2.8000000000000003,1.7724745027940696,3,5,25,4.0,4.5
14,29,2.9000000000000004,1.8062545265595904,3,5,25,4.0,4.5
14,30,3.0,1.8196954500618447,3,5,25,4.0,4.5
14,31,3.1,1.7702570906050084,3,5,25,4.0,4.5
14,32,3.2,1.7466729069018834,3,5,25,4.0,4.5
14,33,3.3000000000000003,1.7592139017009811,3,5,25,4.0,4.5
14,34,3.4000000000000004,1.7737352742103756,3,5,25,4.0,4.5
14,35,3.5,1.7975394534633444,3,5,25,4.0,4.5
14,36,3.6,1.8118844571401362,3,5,25,4.0,4.5
14,37,3.7,1.804591171669911,3,5,25,4.0,4.5
14,38,3.8000000000000003,1.8080848109533008,3,5,25,4.0,4.5
14,39,3.9000000000000004,1.764766870763734,3,5,25,4.0,4.5
14,40,4.0,1.8010668400463568,3,5,25,4.0,4.5
14,41,4.1000000000000005,1.7990608259084304,3,5,25,4.0,4.5
14,42,4.2,1.7999978742162699,3,5,25,4.0,4.5
14,43,4.3,1.7962487767980906,3,5,25,4.0,4.5
14,44,4.4,1.8018135459790658,3,5,25,4.0,4.5
14,45,4.5,1.80264699918697,3,5,25,4.0,4.5
14,46,4.6000000000000005,1.7986437290015005,3,5,25,4.0,4.5
14,47,4.7,1.7985898735567214,3,5,25,4.0,4.5
14,48,4.800000000000001,1.800797634688956,3,5,25,4.0,4.5
14,49,4.9,1.798689840791878,3,5,25,4.0,4.5
14,50,5.0,1.7998016021561223,3,5,25,4.0,4.5
14,51,5.1000000000000005,1.8062991653674993,3,5,25,4.0,4.5
14,52,5.2,1.7992589228977618,3,5,25,4.0,4.5
14,53,5.300000000000001,1.7989249795439362,3,5,25,4.0,4.5
14,54,5.4,1.7980573745830943,3,5,25,4.0,4.5
14,55,5.5,1.8022325759144997,3,5,25,4.0,4.5
14,56,5.6000000000000005,1.7994563274803455,3,5,25,4.0,4.5
14,57,5.7,1.7980518808850356,3,5,25,4.0,4.5
14,58,5.800000000000001,1.803963912096819,3,5,25,4.0,4.5
14,59,5.9,1.8042588090135407,3,5,25,4.0,4.5
14,60,6.0,1.7981987293027837,3,5,25,4.0,4.5
14,61,6.1000000000000005,1.794400380145918,3,5,25,4.0,4.5
14,62,6.2,1.8030225410695107,3,5,25,4.0,4.5
14,63,6.300000000000001,1.79794611052272,3,5,25,4.0,4.5
14,64,6.4,1.8023718767974881,3,5,25,4.0,4.5
14,65,6.5,1.7940896885468642,3,5,25,4.0,4.5
14,66,6.6000000000000005,1.8026777920148978,3,5,25,4.0,4.5
14,67,6.7,1.7963664842121574,3,5,25,4.0,4.5
14,68,6.800000000000001,1.8021922923571994,3,5,25,4.0,4.5
14,69,6.9,1.8000428192035092,3,5,25,4.0,4.5
14,70,7.0,1.79713818174181,3,5,25,4.0,4.5
14,71,7.1000000000000005,1.7987788910612195,3,5,25,4.0,4.5
14,72,7.2,1.80205895537087,3,5,25,4.0,4.5
14,73,7.300000000000001,1.8003176833593455,3,5,25,4.0,4.5
14,74,7.4,1.8017532389414173,3,5,25,4.0,4.5
14,75,7.5,1.8059293217535464,3,5,25,4.0,4.5
14,76,7.6000000000000005,1.7953072751648667,3,5,25,4.0,4.5
14,77,7.7,1.8048516377249058,3,5,25,4.0,4.5
14,78,7.800000000000001,1.8003130678125694,3,5,25,4.0,4.5
14,79,7.9,1.7973036478550304,3,5,25,4.0,4.5
14,80,8.0,1.7960090591227829,3,5,25,4.0,4.5
14,81,8.1,1.7994326388276687,3,5,25,4.0,4.5
14,82,8.200000000000001,1.8027649503357732,3,5,25,4.0,4.5
14,83,8.3,1.7996173526388672,3,5,25,4.0,4.5
14,84,8.4,1.8045334647907418,3,5,25,4.0,4.5
14,85,8.5,1.7956464729298451,3,5,25,4.0,4.5
14,86,8.6,1.7999637331564617,3,5,25,4.0,4.5
14,87,8.700000000000001,1.7962428196667604,3,5,25,4.0,4.5
14,88,8.8,1.8010908956478748,3,5,25,4.0,4.5
14,89,8.9,1.8026606621702916,3,5,25,4.0,4.5
14,90,9.0,1.7987377146189567,3,5,25,4.0,4.5
14,91,9.1,1.7921873584301184,3,5,25,4.0,4.5
14,92,9.200000000000001,1.8005968444403893,3,5,25,4.0,4.5
14,93,9.3,1.8013102156552003,3,5,25,4.0,4.5
14,94,9.4,1.801212884264885,3,5,25,4.0,4.5
14,95,9.5,1.8037073465754663,3,5,25,4.0,4.5
14,96,9.600000000000001,1.7967868389610526,3,5,25,4.0,4.5
14,97,9.700000000000001,1.8020406483163511,3,5,25,4.0,4.5
14,98,9.8,1.8035775225374338,3,5,25,4.0,4.5
14,99,9.9,1.7946642372479802,3,5,25,4.0,4.5
15,0,0.0,0.5953480234964857,2,10,25,6.5,7.0
15,1,0.1,0.9287677136191829,2,10,25,6.5,7.0
15,2,0.2,1.1161354660269411,2,10,25,6.5,7.0
15,3,0.30000000000000004,1.1232274932546833,2,10,25,6.5,7.0
15,4,0.4,1.062341362010455,2,10,25,6.5,7.0
15,5,0.5,1.042393734412314,2,10,25,6.5,7.0
15,6,0.6000000000000001,1.0743639605213007,2,10,25,6.5,7.0
15,7,0.7000000000000001,1.232086249140188,2,10,25,6.5,7.0
15,8,0.8,1.4103099527172578,2,10,25,6.5,7.0
15,9,0.9,1.5465978249049188,2,10,25,6.5,7.0
15,10,1.0,1.65161910052711,2,10,25,6.5,7.0
15,11,1.1,1.697724849764696,2,10,25,6.5,7.0
15,12,1.2000000000000002,1.6643984256417736,2,10,25,6.5,7.0
15,13,1.3,1.6577932561396935,2,10,25,6.5,7.0
15,14,1.4000000000000001,1.6825526562071194,2,10,25,6.5,7.0
15,15,1.5,1.7334227792399153,2,10,25,6.5,7.0
15,16,1.6,1.7879609525102336,2,10,25,6.5,7.0
15,17,1.7000000000000002,1.844126749315268,2,10,25,6.5,7.0
15,18,1.8,1.9020420866412775,2,10,25,6.5,7.0
15,19,1.9000000000000001,1.9176508076633034,2,10,25,6.5,7.0
15,20,2.0,1.906119814159176,2,10,25,6.5,7.0
15,21,2.1,1.8909541161816863,2,10,25,6.5,7.0
15,22,2.2,1.8845475303717631,2,10,25,6.5,7.0
15,23,2.3000000000000003,1.898801156245873,2,10,25,6.5,7.0
15,24,2.4000000000000004,1.9342924323204083,2,10,25,6.5,7.0
15,25,2.5,1.9546669381686992,2,10,25,6.5,7.0
15,26,2.6,1.9787539700428176,2,10,25,6.5,7.0
15,27,2.7,1.976292451891569,2,10,25,6.5,7.0
15,28,2.8000000000000003,1.95323660089513,2,10,25,6.5,7.0
15,29,2.9000000000000004,1.9756914858309973,2,10,25,6.5,7.0
15,30,3.0,1.9548557142478071,2,10,25,6.5,7.0
15,31,3.1,1.965069954944722,2,10,25,6.5,7.0
15,32,3.2,1.9786483129375392,2,10,25,6.5,7.0
15,33,3.3000000000000003,2.0036743251797464,2,10,25,6.5,7.0
15,34,3.4000000000000004,2.020139201466793,2,10,25,6.5,7.0
15,35,3.5,1.9971370119201746,2,10,25,6.5,7.0
15,36,3.6,1.9886893139428525,2,10,25,6.5,7.0
15,37,3.7,1.9944792280220662,2,10,25,6.5,7.0
15,38,3.8000000000000003,1.997451750996701,2,10,25,6.5,7.0
15,39,3.9000000000000004,1.9864105215021424,2,10,25,6.5,7.0
15,40,4.0,2.0099066502586536,2,10,25,6.5,7.0
15,41,4.1000000000000005,1.996909903475603,2,10,25,6.5,7.0
15,42,4.2,2.001567136121442,2,10,25,6.5,7.0
15,43,4.3,2.004069456233361,2,10,25,6.5,7.0
15,44,4.4,2.001451053387523,2,10,25,6.5,7.0
15,45,4.5,2.005047868875242,2,10,25,6.5,7.0
15,46,4.6000000000000005,1.9901379779300126,2,10,25,6.5,7.0
15,47,4.7,1.9909498073725875,2,10,25,6.5,7.0
15,48,4.800000000000001,1.9862698115983015,2,10,25,6.5,7.0
15,49,4.9,2.0025902122210772,2,10,25,6.5,7.0
15,50,5.0,2.006719637483634,2,10,25,6.5,7.0
15,51,5.1000000000000005,2.0038407734947055,2,10,25,6.5,7.0
15,52,5.2,2.0159617570572532,2,10,25,6.5,7.0
15,53,5.300000000000001,1.998933787707603,2,10,25,6.5,7.0
15,54,5.4,2.005504049917188,2,10,25,6.5,7.0
15,55,5.5,1.9879254146769962,2,10,25,6.5,7.0
15,56,5.6000000000000005,1.9951982316768608,2,10,25,6.5,7.0
15,57,5.7,2.0063433558836135,2,10,25,6.5,7.0
15,58,5.800000000000001,2.008150820532527,2,10,25,6.5,7.0
15,59,5.9,1.9968548784527707,2,10,25,6.5,7.0
15,60,6.0,1.9990709692434718,2,10,25,6.5,7.0
15,61,6.1000000000000005,1.9845225700135969,2,10,25,6.5,7.0
15,62,6.2,1.9960534612300869,2,10,25,6.5,7.0
15,63,6.300000000000001,2.0085177984525426,2,10,25,6.5,7.0
15,64,6.4,2.0054329324147417,2,10,25,6.5,7.0
15,65,6.5,1.9983551381105282,2,10,25,6.5,7.0
15,66,6.6000000000000005,2.0004800546775585,2,10,25,6.5,7.0
15,67,6.7,2.001505348208503,2,10,25,6.5,7.0
15,68,6.800000000000001,2.0033521964477075,2,10,25,6.5,7.0
15,69,6.9,2.0043454976896786,2,10,25,6.5,7.0
15,70,7.0,1.9989206940626327,2,10,25,6.5,7.0
15,71,7.1000000000000005,1.9960218569417538,2,10,25,6.5,7.0
15,72,7.2,1.9987596045166303,2,10,25,6.5,7.0
15,73,7.300000000000001,2.0007808415197488,2,10,25,6.5,7.0
15,74,7.4,1.9971087232213682,2,10,25,6.5,7.0
15,75,7.5,1.9971285472553149,2,10,25,6.5,7.0
15,76,7.6000000000000005,2.0010313636446497,2,10,25,6.5,7.0
15,77,7.7,1.9998540429452887,2,10,25,6.5,7.0
15,78,7.800000000000001,2.000098390986235,2,10,25,6.5,7.0
15,79,7.9,1.9977245139959,2,10,25,6.5,7.0
15,80,8.0,1.9993087978573827,2,10,25,6.5,7.0
15,81,8.1,1.997227300567195,2,10,25,6.5,7.0
15,82,8.200000000000001,2.0026705952333743,2,10,25,6.5,7.0
15,83,8.3,2.003105748004171,2,10,25,6.5,7.0
15,84,8.4,1.9944614364132858,2,10,25,6.5,7.0
15,85,8.5,1.9972114674194228,2,10,25,6.5,7.0
15,86,8.6,1.9955104122347298,2,10,25,6.5,7.0
15,87,8.700000000000001,1.9980499281967794,2,10,25,6.5,7.0
15,88,8.8,1.999749686090629,2,10,25,6.5,7.0
15,89,8.9,1.9956510643409044,2,10,25,6.5,7.0
15,90,9.0,1.997234420560624,2,10,25,6.5,7.0
15,91,9.1,1.9969881278837556,2,10,25,6.5,7.0
15,92,9.200000000000001,2.000621801988197,2,10,25,6.5,7.0
15,93,9.3,2.0002080330111087,2,10,25,6.5,7.0
15,94,9.4,1.9978347873399882,2,10,25,6.5,7.0
15,95,9.5,2.000530462616418,2,10,25,6.5,7.0
15,96,9.600000000000001,1.9983599597462383,2,10,25,6.5,7.0
15,97,9.700000000000001,1.9991850346690219,2,10,25,6.5,7.0
15,98,9.8,2.0050203562708955,2,10,25,6.5,7.0
15,99,9.9,2.0040213831553713,2,10,25,6.5,7.0
16,0,0.0,0.35006750051944446,1,10,25,2.0,2.5
16,1,0.1,0.6921445056083861,1,10,25,2.0,2.5
16,2,0.2,0.7842029311995963,1,10,25,2.0,2.5
16,3,0.30000000000000004,0.6289182759908043,1,10,25,2.0,2.5
16,4,0.4,0.4084362606092438,1,10,25,2.0,2.5
16,5,0.5,0.35975898096394193,1,10,25,2.0,2.5
16,6,0.6000000000000001,0.5031951325110539,1,10,25,2.0,2.5
16,7,0.7000000000000001,0.6960851985406163,1,10,25,2.0,2.5
16,8,0.8,0.8462360082206195,1,10,25,2.0,2.5
16,9,0.9,0.8749351284268153,1,10,25,2.0,2.5
16,10,1.0,0.8195676628620812,1,10,25,2.0,2.5
16,11,1.1,0.7397790328524784,1,10,25,2.0,2.5
16,12,1.2000000000000002,0.7569787838317467,1,10,25,2.0,2.5
16,13,1.3,0.814552450297037,1,10,25,2.0,2.5
16,14,1.4000000000000001,0.8797947426311312,1,10,25,2.0,2.5
16,15,1.5,0.9361287890811953,1,10,25,2.0,2.5
16,16,1.6,0.9305429350182314,1,10,25,2.0,2.5
16,17,1.7000000000000002,0.9294491013164778,1,10,25,2.0,2.5
16,18,1.8,0.9085156994462784,1,10,25,2.0,2.5
16,19,1.9000000000000001,0.9029273770927698,1,10,25,2.0,2.5
16,20,2.0,0.9959467769013759,1,10,25,2.0,2.5
16,21,2.1,0.9960326261297693,1,10,25,2.0,2.5
16,22,2.2,1.0014455981851555,1,10,25,2.0,2.5
16,23,2.3000000000000003,1.0016417943921339,1,10,25,2.0,2.5
16,24,2.4000000000000004,1.0016466515059521,1,10,25,2.0,2.5
16,25,2.5,0.9992351326193389,1,10,25,2.0,2.5
16,26,2.6,0.9996236372199913,1,10,25,2.0,2.5
16,27,2.7,1.000983638572478,1,10,25,2.0,2.5
16,28,2.8000000000000003,1.00025767901888,1,10,25,2.0,2.5
16,29,2.9000000000000004,0.9933420988817574,1,10,25,2.0,2.5
16,30,3.0,0.9993106011082744,1,10,25,2.0,2.5
16,31,3.1,0.997445780697219,1,10,25,2.0,2.5
16,32,3.2,1.0005256342567255,1,10,25,2.0,2.5
16,33,3.3000000000000003,1.0089557770078101,1,10,25,2.0,2.5
16,34,3.4000000000000004,1.001102444996423,1,10,25,2.0,2.5
16,35,3.5,0.9990594109414828,1,10,25,2.0,2.5
16,36,3.6,1.0027654045059318,1,10,25,2.0,2.5
16,37,3.7,1.0014480636616276,1,10,25,2.0,2.5
16,38,3.8000000000000003,1.0012602834713555,1,10,25,2.0,2.5
16,39,3.9000000000000004,1.001820551779647,1,10,25,2.0,2.5
16,40,4.0,1.0061696306944887,1,10,25,2.0,2.5
16,41,4.1000000000000005,0.9966073346940223,1,10,25,2.0,2.5
16,42,4.2,1.0014208962304343,1,10,25,2.0,2.5
16,43,4.3,0.9972208566100554,1,10,25,2.0,2.5
16,44,4.4,1.0016665379390268,1,10,25,2.0,2.5
16,45,4.5,0.9972439404655418,1,10,25,2.0,2.5
16,46,4.6000000000000005,0.9987478995591847,1,10,25,2.0,2.5
16,47,4.7,0.9991147302572863,1,10,25,2.0,2.5
16,48,4.800000000000001,1.002927450158034,1,10,25,2.0,2.5
16,49,4.9,1.0027553633318271,1,10,25,2.0,2.5
16,50,5.0,0.9962628478706609,1,10,25,2.0,2.5
16,51,5.1000000000000005,1.0001648023329996,1,10,25,2.0,2.5
16,52,5.2,0.9978712604357525,1,10,25,2.0,2.5
16,53,5.300000000000001,0.996224485267974,1,10,25,2.0,2.5
16,54,5.4,0.9993489488487269,1,10,25,2.0,2.5
16,55,5.5,0.9990745516346325,1,10,25,2.0,2.5
16,56,5.6000000000000005,1.0072801494590367,1,10,25,2.0,2.5
16,57,5.7,1.001298879476082,1,10,25,2.0,2.5
16,58,5.800000000000001,0.9958671474977373,1,10,25,2.0,2.5
16,59,5.9,0.9983056779874872,1,10,25,2.0,2.5
16,60,6.0,1.0030641498862882,1,10,25,2.0,2.5
16,61,6.1000000000000005,1.0062653283186098,1,10,25,2.0,2.5
16,62,6.2,0.9952420500632861,1,10,25,2.0,2.5
16,63,6.300000000000001,0.9943602268445829,1,10,25,2.0,2.5
16,64,6.4,1.0056128955261154,1,10,25,2.0,2.5
16,65,6.5,1.0011688425321128,1,10,25,2.0,2.5
16,66,6.6000000000000005,0.997395121804371,1,10,25,2.0,2.5
16,67,6.7,1.0016038872583672,1,10,25,2.0,2.5
16,68,6.800000000000001,0.9920927567829494,1,10,25,2.0,2.5
16,69,6.9,1.0000101265197914,1,10,25,2.0,2.5
16,70,7.0,1.0009834635185293,1,10,25,2.0,2.5
16,71,7.1000000000000005,1.0027728104186135,1,10,25,2.0,2.5
16,72,7.2,0.9969583121431224,1,10,25,2.0,2.5
16,73,7.300000000000001,1.0002570614842101,1,10,25,2.0,2.5
16,74,7.4,0.9972237261218212,1,10,25,2.0,2.5
16,75,7.5,1.000766151267023,1,10,25,2.0,2.5
16,76,7.6000000000000005,0.9973139610329109,1,10,25,2.0,2.5
16,77,7.7,0.9987756974825194,1,10,25,2.0,2.5
16,78,7.800000000000001,0.9970125538156294,1,10,25,2.0,2.5
16,79,7.9,1.001953408725471,1,10,25,2.0,2.5
16,80,8.0,1.00257535334997,1,10,25,2.0,2.5
16,81,8.1,0.9992961382901278,1,10,25,2.0,2.5
16,82,8.200000000000001,1.00011471398488,1,10,25,2.0,2.5
16,83,8.3,0.9956542257560994,1,10,25,2.0,2.5
16,84,8.4,0.9991009700559796,1,10,25,2.0,2.5
16,85,8.5,0.9998493861488748,1,10,25,2.0,2.5
16,86,8.6,1.0078623792730899,1,10,25,2.0,2.5
16,87,8.700000000000001,0.9966640989226775,1,10,25,2.0,2.5
16,88,8.8,1.0043925317162574,1,10,25,2.0,2.5
16,89,8.9,1.0029905763203975,1,10,25,2.0,2.5
16,90,9.0,1.0008419092134704,1,10,25,2.0,2.5
16,91,9.1,1.0052758614525854,1,10,25,2.0,2.5
16,92,9.200000000000001,1.0011163164178205,1,10,25,2.0,2.5
16,93,9.3,1.0011674775870039,1,10,25,2.0,2.5
16,94,9.4,0.9998406380409474,1,10,25,2.0,2.5
16,95,9.5,1.0036707066472559,1,10,25,2.0,2.5
16,96,9.600000000000001,1.0032894077014327,1,10,25,2.0,2.5
16,97,9.700000000000001,0.9981229681375113,1,10,25,2.0,2.5
16,98,9.8,0.9960422584162038,1,10,25,2.0,2.5
16,99,9.9,0.999391058087813,1,10,25,2.0,2.5
17,0,0.0,0.2871962559093436,2,10,25,3.0,3.5
17,1,0.1,1.0204871459207496,2,10,25,3.0,3.5
17,2,0.2,1.1613523912542578,2,10,25,3.0,3.5
17,3,0.30000000000000004,0.8260437208050964,2,10,25,3.0,3.5
17,4,0.4,0.5546049791606593,2,10,25,3.0,3.5
17,5,0.5,0.6744021026344673,2,10,25,3.0,3.5
17,6,0.6000000000000001,1.1769699210918472,2,10,25,3.0,3.5
17,7,0.7000000000000001,1.610812320419443,2,10,25,3.0,3.5
17,8,0.8,1.7003151424583955,2,10,25,3.0,3.5
17,9,0.9,1.483257030650459,2,10,25,3.0,3.5
17,10,1.0,1.2887665349579285,2,10,25,3.0,3.5
17,11,1.1,1.374671899430942,2,10,25,3.0,3.5
17,12,1.2000000000000002,1.6221446664503336,2,10,25,3.0,3.5
17,13,1.3,1.8530392930405917,2,10,25,3.0,3.5
17,14,1.4000000000000001,1.9021866594025751,2,10,25,3.0,3.5
17,15,1.5,1.786405450662881,2,10,25,3.0,3.5
17,16,1.6,1.666551916934518,2,10,25,3.0,3.5
17,17,1.7000000000000002,1.6708764227708386,2,10,25,3.0,3.5
17,18,1.8,1.8404030300997765,2,10,25,3.0,3.5
17,19,1.9000000000000001,1.9757542271279804,2,10,25,3.0,3.5
17,20,2.0,1.9939348010079596,2,10,25,3.0,3.5
17,21,2.1,1.904992704237478,2,10,25,3.0,3.5
17,22,2.2,1.8421199948495495,2,10,25,3.0,3.5
17,23,2.3000000000000003,1.8481897301750754,2,10,25,3.0,3.5
17,24,2.4000000000000004,1.9282380035869866,2,10,25,3.0,3.5
17,25,2.5,2.002673666444865,2,10,25,3.0,3.5
17,26,2.6,2.0029869108242955,2,10,25,3.0,3.5
17,27,2.7,1.9698754105906664,2,10,25,3.0,3.5
17,28,2.8000000000000003,1.9294633512838848,2,10,25,3.0,3.5
17,29,2.9000000000000004,1.9380015450444612,2,10,25,3.0,3.5
17,30,3.0,1.9969499506142705,2,10,25,3.0,3.5
17,31,3.1,1.9992677585789773,2,10,25,3.0,3.5
17,32,3.2,1.9998820781371172,2,10,25,3.0,3.5
17,33,3.3000000000000003,1.9995965096467947,2,10,25,3.0,3.5
17,34,3.4000000000000004,2.0010015798997056,2,10,25,3.0,3.5
17,35,3.5,2.0042941003454935,2,10,25,3.0,3.5
17,36,3.6,2.0032453001830186,2,10,25,3.0,3.5
17,37,3.7,1.9960633424197058,2,10,25,3.0,3.5
17,38,3.8000000000000003,2.001866209970918,2,10,25,3.0,3.5
17,39,3.9000000000000004,2.0039867999586063,2,10,25,3.0,3.5
17,40,4.0,2.0011604255620674,2,10,25,3.0,3.5
17,41,4.1000000000000005,2.003272941275558,2,10,25,3.0,3.5
17,42,4.2,2.0060368113371023,2,10,25,3.0,3.5
17,43,4.3,2.003071128638321,2,10,25,3.0,3.5
17,44,4.4,2.0007479257869254,2,10,25,3.0,3.5
17,45,4.5,2.0031352654222543,2,10,25,3.0,3.5
17,46,4.6000000000000005,2.000434663499291,2,10,25,3.0,3.5
17,47,4.7,2.000071709129855,2,10,25,3.0,3.5
17,48,4.800000000000001,1.9989457572928588,2,10,25,3.0,3.5
17,49,4.9,2.0046902400764965,2,10,25,3.0,3.5
17,50,5.0,1.997544714002174,2,10,25,3.0,3.5
17,51,5.1000000000000005,2.004597103174034,2,10,25,3.0,3.5
17,52,5.2,2.0014995923712213,2,10,25,3.0,3.5
17,53,5.300000000000001,1.9958020814755941,2,10,25,3.0,3.5
17,54,5.4,2.0011029478789744,2,10,25,3.0,3.5
17,55,5.5,1.9936999204770451,2,10,25,3.0,3.5
17,56,5.6000000000000005,2.001876524050493,2,10,25,3.0,3.5
17,57,5.7,2.002655694448967,2,10,25,3.0,3.5
17,58,5.800000000000001,1.9982229321330438,2,10,25,3.0,3.5
17,59,5.9,2.0003706430878667,2,10,25,3.0,3.5
17,60,6.0,2.005862472301251,2,10,25,3.0,3.5
17,61,6.1000000000000005,1.9984827598872141,2,10,25,3.0,3.5
17,62,6.2,1.9968232772388301,2,10,25,3.0,3.5
17,63,6.300000000000001,2.004444990207388,2,10,25,3.0,3.5
17,64,6.4,2.0058877615715924,2,10,25,3.0,3.5
17,65,6.5,2.0000110870155434,2,10,25,3.0,3.5
17,66,6.6000000000000005,2.003034389106225,2,10,25,3.0,3.5
17,67,6.7,2.0040244277465926,2,10,25,3.0,3.5
17,68,6.800000000000001,1.9977725473023848,2,10,25,3.0,3.5
17,69,6.9,1.9985440824938965,2,10,25,3.0,3.5
17,70,7.0,2.003692623539464,2,10,25,3.0,3.5
17,71,7.1000000000000005,2.0050550428361253,2,10,25,3.0,3.5
17,72,7.2,2.001688642580523,2,10,25,3.0,3.5
17,73,7.300000000000001,1.9973605569394939,2,10,25,3.0,3.5
17,74,7.4,2.0059611833350983,2,10,25,3.0,3.5
17,75,7.5,1.998407087306564,2,10,25,3.0,3.5
17,76,7.6000000000000005,1.9989945866564856,2,10,25,3.0,3.5
17,77,7.7,2.0010270135034687,2,10,25,3.0,3.5
17,78,7.800000000000001,2.0046624812621445,2,10,25,3.0,3.5
17,79,7.9,2.0025619279296567,2,10,25,3.0,3.5
17,80,8.0,2.0012445965010857,2,10,25,3.0,3.5
17,81,8.1,2.001389865590354,2,10,25,3.0,3.5
17,82,8.200000000000001,2.0001305440059305,2,10,25,3.0,3.5
17,83,8.3,2.0016744185435553,2,10,25,3.0,3.5
17,84,8.4,1.992411319766917,2,10,25,3.0,3.5
17,85,8.5,1.9991101776227906,2,10,25,3.0,3.5
17,86,8.6,2.00072396580475,2,10,25,3.0,3.5
17,87,8.700000000000001,1.9965469577491415,2,10,25,3.0,3.5
17,88,8.8,2.0011589699534347,2,10,25,3.0,3.5
17,89,8.9,1.9993865863370417,2,10,25,3.0,3.5
17,90,9.0,2.0052664270949463,2,10,25,3.0,3.5
17,91,9.1,2.0047190591756445,2,10,25,3.0,3.5
17,92,9.200000000000001,1.9986025832926455,2,10,25,3.0,3.5
17,93,9.3,1.9995474868652998,2,10,25,3.0,3.5
17,94,9.4,1.9997781573031748,2,10,25,3.0,3.5
17,95,9.5,1.9986450215715212,2,10,25,3.0,3.5
17,96,9.600000000000001,2.0005850749520846,2,10,25,3.0,3.5
17,97,9.700000000000001,1.9977251537933371,2,10,25,3.0,3.5
17,98,9.8,1.9966081539951874,2,10,25,3.0,3.5
17,99,9.9,2.001868133671701,2,10,25,3.0,3.5
18,0,0.0,0.6026499537485003,2,10,60,5.8,6.3
18,1,0.1,1.2549048698122134,2,10,60,5.8,6.3
18,2,0.2,1.3316798538219816,2,10,60,5.8,6.3
18,3,0.30000000000000004,0.9781361227186357,2,10,60,5.8,6.3
18,4,0.4,0.7007791477658695,2,10,60,5.8,6.3
18,5,0.5,0.8505463206658932,2,10,60,5.8,6.3
18,6,0.6000000000000001,1.2769513203522755,2,10,60,5.8,6.3
18,7,0.7000000000000001,1.6413162404372688,2,10,60,5.8,6.3
18,8,0.8,1.697024937403283,2,10,60,5.8,6.3
18,9,0.9,1.526295908512439,2,10,60,5.8,6.3
18,10,1.0,1.4036037587858687,2,10,60,5.8,6.3
18,11,1.1,1.4627311911666172,2,10,60,5.8,6.3
18,12,1.2000000000000002,1.6903473233000836,2,10,60,5.8,6.3
18,13,1.3,1.873117555847197,2,10,60,5.8,6.3
18,14,1.4000000000000001,1.9022054480732642,2,10,60,5.8,6.3
18,15,1.5,1.8194868977507597,2,10,60,5.8,6.3
18,16,1.6,1.7547334997396442,2,10,60,5.8,6.3
18,17,1.7000000000000002,1.7928545097772541,2,10,60,5.8,6.3
18,18,1.8,1.9019581699872672,2,10,60,5.8,6.3
18,19,1.9000000000000001,1.9750558869523611,2,10,60,5.8,6.3
18,20,2.0,1.9828896176398108,2,10,60,5.8,6.3
18,21,2.1,1.941931573488831,2,10,60,5.8,6.3
18,22,2.2,1.9123173091002246,2,10,60,5.8,6.3
18,23,2.3000000000000003,1.9276835187681884,2,10,60,5.8,6.3
18,24,2.4000000000000004,1.974065645163874,2,10,60,5.8,6.3
18,25,2.5,2.0117502930563322,2,10,60,5.8,6.3
18,26,2.6,2.026187302829684,2,10,60,5.8,6.3
18,27,2.7,2.0106456881750012,2,10,60,5.8,6.3
18,28,2.8000000000000003,1.9962384528827175,2,10,60,5.8,6.3
18,29,2.9000000000000004,1.9905572101822735,2,10,60,5.8,6.3
18,30,3.0,2.0162953251901254,2,10,60,5.8,6.3
18,31,3.1,2.032045594211984,2,10,60,5.8,6.3
18,32,3.2,2.043727104892022,2,10,60,5.8,6.3
18,33,3.3000000000000003,2.024323055588722,2,10,60,5.8,6.3
18,34,3.4000000000000004,2.028829494931862,2,10,60,5.8,6.3
18,35,3.5,2.007621020457951,2,10,60,5.8,6.3
18,36,3.6,2.033573320235351,2,10,60,5.8,6.3
18,37,3.7,2.050363998607961,2,10,60,5.8,6.3
18,38,3.8000000000000003,2.0504412463362045,2,10,60,5.8,6.3
18,39,3.9000000000000004,2.0698077479591137,2,10,60,5.8,6.3
18,40,4.0,2.0413299151521613,2,10,60,5.8,6.3
18,41,4.1000000000000005,2.0287366932742184,2,10,60,5.8,6.3
18,42,4.2,2.043459821579667,2,10,60,5.8,6.3
18,43,4.3,2.0316310055409095,2,10,60,5.8,6.3
18,44,4.4,2.0491708731759903,2,10,60,5.8,6.3
18,45,4.5,2.0387440338485354,2,10,60,5.8,6.3
18,46,4.6000000000000005,2.053623841464183,2,10,60,5.8,6.3
18,47,4.7,2.0393362924502734,2,10,60,5.8,6.3
18,48,4.800000000000001,2.046388510719847,2,10,60,5.8,6.3
18,49,4.9,2.0436418238011624,2,10,60,5.8,6.3
18,50,5.0,2.067663928844664,2,10,60,5.8,6.3
18,51,5.1000000000000005,2.0455987103413587,2,10,60,5.8,6.3
18,52,5.2,2.0657995317881808,2,10,60,5.8,6.3
18,53,5.300000000000001,2.0557461795907805,2,10,60,5.8,6.3
18,54,5.4,2.053744792880987,2,10,60,5.8,6.3
18,55,5.5,2.0538114441646487,2,10,60,5.8,6.3
18,56,5.6000000000000005,2.054197326304027,2,10,60,5.8,6.3
18,57,5.7,2.0302468040457007,2,10,60,5.8,6.3
18,58,5.800000000000001,2.0466931235504906,2,10,60,5.8,6.3
18,59,5.9,2.0520440785313285,2,10,60,5.8,6.3
18,60,6.0,2.051225821923105,2,10,60,5.8,6.3
18,61,6.1000000000000005,2.049076574586583,2,10,60,5.8,6.3
18,62,6.2,2.047484242604658,2,10,60,5.8,6.3
18,63,6.300000000000001,2.0473399572331497,2,10,60,5.8,6.3
18,64,6.4,2.0516044520090375,2,10,60,5.8,6.3
18,65,6.5,2.053686941507467,2,10,60,5.8,6.3
18,66,6.6000000000000005,2.0480880767589134,2,10,60,5.8,6.3
18,67,6.7,2.0513751601106542,2,10,60,5.8,6.3
18,68,6.800000000000001,2.0437389189441935,2,10,60,5.8,6.3
18,69,6.9,2.048246146808028,2,10,60,5.8,6.3
18,70,7.0,2.049906823201387,2,10,60,5.8,6.3
18,71,7.1000000000000005,2.047270949749054,2,10,60,5.8,6.3
18,72,7.2,2.047190480875631,2,10,60,5.8,6.3
18,73,7.300000000000001,2.0479966613305933,2,10,60,5.8,6.3
18,74,7.4,2.050876578184979,2,10,60,5.8,6.3
18,75,7.5,2.0494380129447807,2,10,60,5.8,6.3
18,76,7.6000000000000005,2.043285306300025,2,10,60,5.8,6.3
18,77,7.7,2.0436378995420945,2,10,60,5.8,6.3
18,78,7.800000000000001,2.048179404466428,2,10,60,5.8,6.3
18,79,7.9,2.0513730597581605,2,10,60,5.8,6.3
18,80,8.0,2.041757485471824,2,10,60,5.8,6.3
18,81,8.1,2.048500809471545,2,10,60,5.8,6.3
18,82,8.200000000000001,2.0484212564304474,2,10,60,5.8,6.3
18,83,8.3,2.054165013334625,2,10,60,5.8,6.3
18,84,8.4,2.0488449345648614,2,10,60,5.8,6.3
18,85,8.5,2.0511489669542224,2,10,60,5.8,6.3
18,86,8.6,2.050423771420262,2,10,60,5.8,6.3
18,87,8.700000000000001,2.043608300560578,2,10,60,5.8,6.3
18,88,8.8,2.052304621649895,2,10,60,5.8,6.3
18,89,8.9,2.050646189516369,2,10,60,5.8,6.3
18,90,9.0,2.0515248059190236,2,10,60,5.8,6.3
18,91,9.1,2.061778713119309,2,10,60,5.8,6.3
18,92,9.200000000000001,2.043747661181504,2,10,60,5.8,6.3
18,93,9.3,2.055174089949283,2,10,60,5.8,6.3
18,94,9.4,2.0491376574417988,2,10,60,5.8,6.3
18,95,9.5,2.0508619867132087,2,10,60,5.8,6.3
18,96,9.600000000000001,2.049863463264096,2,10,60,5.8,6.3
18,97,9.700000000000001,2.0487272909998056,2,10,60,5.8,6.3
18,98,9.8,2.0482905012152837,2,10,60,5.8,6.3
18,99,9.9,2.050988526206719,2,10,60,5.8,6.3
19,0,0.0,0.4205527144765,2,10,60,4.5,5.0
19,1,0.1,0.9225100835183552,2,10,60,4.5,5.0
19,2,0.2,1.1012883132466134,2,10,60,4.5,5.0
19,3,0.30000000000000004,1.0498404519067672,2,10,60,4.5,5.0
19,4,0.4,0.909349570247492,2,10,60,4.5,5.0
19,5,0.5,0.9116028582566346,2,10,60,4.5,5.0
19,6,0.6000000000000001,1.0763952175065115,2,10,60,4.5,5.0
19,7,0.7000000000000001,1.3540022503019993,2,10,60,4.5,5.0
19,8,0.8,1.565001806703344,2,10,60,4.5,5.0
19,9,0.9,1.6796336343592337,2,10,60,4.5,5.0
19,10,1.0,1.6605697558248185,2,10,60,4.5,5.0
19,11,1.1,1.617550168414496,2,10,60,4.5,5.0
19,12,1.2000000000000002,1.5845861643655816,2,10,60,4.5,5.0
19,13,1.3,1.661989876608791,2,10,60,4.5,5.0
19,14,1.4000000000000001,1.76296075442158,2,10,60,4.5,5.0
19,15,1.5,1.8649241243965453,2,10,60,4.5,5.0
19,16,1.6,1.9154583366153635,2,10,60,4.5,5.0
19,17,1.7000000000000002,1.9126970872126803,2,10,60,4.5,5.0
19,18,1.8,1.882856695387492,2,10,60,4.5,5.0
19,19,1.9000000000000001,1.8753121669171176,2,10,60,4.5,5.0
19,20,2.0,1.910516512363964,2,10,60,4.5,5.0
19,21,2.1,1.948857777747212,2,10,60,4.5,5.0
19,22,2.2,1.9904486587098877,2,10,60,4.5,5.0
19,23,2.3000000000000003,1.9990700651131355,2,10,60,4.5,5.0
19,24,2.4000000000000004,1.9931764269868342,2,10,60,4.5,5.0
19,25,2.5,1.9991926201597108,2,10,60,4.5,5.0
19,26,2.6,1.9913407467080906,2,10,60,4.5,5.0
19,27,2.7,2.0041028823060563,2,10,60,4.5,5.0
19,28,2.8000000000000003,2.0008292346771075,2,10,60,4.5,5.0
19,29,2.9000000000000004,2.0226120375644845,2,10,60,4.5,5.0
19,30,3.0,2.0182449493145462,2,10,60,4.5,5.0
19,31,3.1,2.0302504758772337,2,10,60,4.5,5.0
19,32,3.2,2.0383837583314204,2,10,60,4.5,5.0
19,33,3.3000000000000003,2.0197563825639366,2,10,60,4.5,5.0
19,34,3.4000000000000004,2.0326988118051976,2,10,60,4.5,5.0
19,35,3.5,2.0312314507921894,2,10,60,4.5,5.0
19,36,3.6,2.043972605001348,2,10,60,4.5,5.0
19,37,3.7,2.033599112927128,2,10,60,4.5,5.0
19,38,3.8000000000000003,2.0458640840337456,2,10,60,4.5,5.0
19,39,3.9000000000000004,2.0125043392477315,2,10,60,4.5,5.0
19,40,4.0,2.038456711675138,2,10,60,4.5,5.0
19,41,4.1000000000000005,2.024391702179174,2,10,60,4.5,5.0
19,42,4.2,2.0554054259865344,2,10,60,4.5,5.0
19,43,4.3,2.0543137133185163,2,10,60,4.5,5.0
19,44,4.4,2.0531509578875644,2,10,60,4.5,5.0
19,45,4.5,2.053248073161661,2,10,60,4.5,5.0
19,46,4.6000000000000005,2.048586626044546,2,10,60,4.5,5.0
19,47,4.7,2.0497190914337824,2,10,60,4.5,5.0
19,48,4.800000000000001,2.0539773899426264,2,10,60,4.5,5.0
19,49,4.9,2.0461385092942472,2,10,60,4.5,5.0
19,50,5.0,2.045808645444661,2,10,60,4.5,5.0
19,51,5.1000000000000005,2.048249202020962,2,10,60,4.5,5.0
19,52,5.2,2.0531151365530578,2,10,60,4.5,5.0
19,53,5.300000000000001,2.0454419617735695,2,10,60,4.5,5.0
19,54,5.4,2.041503533205668,2,10,60,4.5,5.0
19,55,5.5,2.048646523424773,2,10,60,4.5,5.0
19,56,5.6000000000000005,2.0516552223997326,2,10,60,4.5,5.0
19,57,5.7,2.053600785249216,2,10,60,4.5,5.0
19,58,5.800000000000001,2.0486105159137438,2,10,60,4.5,5.0
19,59,5.9,2.0487657201786518,2,10,60,4.5,5.0
19,60,6.0,2.053461702202767,2,10,60,4.5,5.0
19,61,6.1000000000000005,2.0443907749009136,2,10,60,4.5,5.0
19,62,6.2,2.0488344376744507,2,10,60,4.5,5.0
19,63,6.300000000000001,2.050571271669775,2,10,60,4.5,5.0
19,64,6.4,2.051347656163855,2,10,60,4.5,5.0
19,65,6.5,2.0484705799204272,2,10,60,4.5,5.0
19,66,6.6000000000000005,2.0501033230351173,2,10,60,4.5,5.0
19,67,6.7,2.0425350179397608,2,10,60,4.5,5.0
19,68,6.800000000000001,2.0480252547629982,2,10,60,4.5,5.0
19,69,6.9,2.051360526137663,2,10,60,4.5,5.0
19,70,7.0,2.047053117897236,2,10,60,4.5,5.0
19,71,7.1000000000000005,2.0501769526647684,2,10,60,4.5,5.0
19,72,7.2,2.051340617502408,2,10,60,4.5,5.0
19,73,7.300000000000001,2.0489723523974264,2,10,60,4.5,5.0
19,74,7.4,2.0505113913129893,2,10,60,4.5,5.0
19,75,7.5,2.047111802304146,2,10,60,4.5,5.0
19,76,7.6000000000000005,2.049380166160912,2,10,60,4.5,5.0
19,77,7.7,2.0518306485087674,2,10,60,4.5,5.0
19,78,7.800000000000001,2.050470918882905,2,10,60,4.5,5.0
19,79,7.9,2.048240406191308,2,10,60,4.5,5.0
19,80,8.0,2.0506726492128724,2,10,60,4.5,5.0
19,81,8.1,2.05214382937191,2,10,60,4.5,5.0
19,82,8.200000000000001,2.0438501761642676,2,10,60,4.5,5.0
19,83,8.3,2.0534772221948674,2,10,60,4.5,5.0
19,84,8.4,2.048991235783957,2,10,60,4.5,5.0
19,85,8.5,2.0512764697997206,2,10,60,4.5,5.0
19,86,8.6,2.0535917407709356,2,10,60,4.5,5.0
19,87,8.700000000000001,2.0458849789083082,2,10,60,4.5,5.0
19,88,8.8,2.047871676992717,2,10,60,4.5,5.0
19,89,8.9,2.0491343539123728,2,10,60,4.5,5.0
19,90,9.0,2.0476487394366267,2,10,60,4.5,5.0
19,91,9.1,2.05520480972751,2,10,60,4.5,5.0
19,92,9.200000000000001,2.0474296837185193,2,10,60,4.5,5.0
19,93,9.3,2.048333359661539,2,10,60,4.5,5.0
19,94,9.4,2.050613167094809,2,10,60,4.5,5.0
19,95,9.5,2.0463935514217715,2,10,60,4.5,5.0
19,96,9.600000000000001,2.048812957864731,2,10,60,4.5,5.0
19,97,9.700000000000001,2.0509523597837505,2,10,60,4.5,5.0
19,98,9.8,2.0490014187868524,2,10,60,4.5,5.0
19,99,9.9,2.0497198394233,2,10,60,4.5,5.0
20,0,0.0,0.20256773451552632,2,5,25,3.0,3.5
20,1,0.1,0.5907642951658452,2,5,25,3.0,3.5
20,2,0.2,0.8027249277097622,2,5,25,3.0,3.5
20,3,0.30000000000000004,0.874630248978727,2,5,25,3.0,3.5
20,4,0.4,0.8209134034358745,2,5,25,3.0,3.5
20,5,0.5,0.6813322412061282,2,5,25,3.0,3.5
20,6,0.6000000000000001,0.6035711224056185,2,5,25,3.0,3.5
20,7,0.7000000000000001,0.5490796472171962,2,5,25,3.0,3.5
20,8,0.8,0.613331786471101,2,5,25,3.0,3.5
20,9,0.9,0.7149205300023707,2,5,25,3.0,3.5
20,10,1.0,0.9018137515432616,2,5,25,3.0,3.5
20,11,1.1,1.0421346148993957,2,5,25,3.0,3.5
20,12,1.2000000000000002,1.1427258875385689,2,5,25,3.0,3.5
20,13,1.3,1.1777576755201087,2,5,25,3.0,3.5
20,14,1.4000000000000001,1.153004774919063,2,5,25,3.0,3.5
20,15,1.5,1.113236467736261,2,5,25,3.0,3.5
20,16,1.6,1.044588473721202,2,5,25,3.0,3.5
20,17,1.7000000000000002,0.987735081403194,2,5,25,3.0,3.5
20,18,1.8,0.9963627079953945,2,5,25,3.0,3.5
20,19,1.9000000000000001,1.0404417780734616,2,5,25,3.0,3.5
20,20,2.0,1.1015189158087624,2,5,25,3.0,3.5
20,21,2.1,1.1564868312716734,2,5,25,3.0,3.5
20,22,2.2,1.2132797213858475,2,5,25,3.0,3.5
20,23,2.3000000000000003,1.2011611688509214,2,5,25,3.0,3.5
20,24,2.4000000000000004,1.2168282274241964,2,5,25,3.0,3.5
20,25,2.5,1.1747819972939244,2,5,25,3.0,3.5
20,26,2.6,1.1729555843333417,2,5,25,3.0,3.5
20,27,2.7,1.1432102184919828,2,5,25,3.0,3.5
20,28,2.8000000000000003,1.1409220126103388,2,5,25,3.0,3.5
20,29,2.9000000000000004,1.135831974325845,2,5,25,3.0,3.5
20,30,3.0,1.1947445135797448,2,5,25,3.0,3.5
20,31,3.1,1.1988302288803216,2,5,25,3.0,3.5
20,32,3.2,1.2004741604697604,2,5,25,3.0,3.5
20,33,3.3000000000000003,1.1997101289899552,2,5,25,3.0,3.5
20,34,3.4000000000000004,1.1987520992161578,2,5,25,3.0,3.5
20,35,3.5,1.1971627618179097,2,5,25,3.0,3.5
20,36,3.6,1.201824738575055,2,5,25,3.0,3.5
20,37,3.7,1.1960486042401601,2,5,25,3.0,3.5
20,38,3.8000000000000003,1.2023280837415304,2,5,25,3.0,3.5
20,39,3.9000000000000004,1.1969933489432198,2,5,25,3.0,3.5
20,40,4.0,1.1977426942879408,2,5,25,3.0,3.5
20,41,4.1000000000000005,1.195599644428153,2,5,25,3.0,3.5
20,42,4.2,1.198495793559343,2,5,25,3.0,3.5
20,43,4.3,1.202925937375434,2,5,25,3.0,3.5
20,44,4.4,1.2015468842653318,2,5,25,3.0,3.5
20,45,4.5,1.2029352663360842,2,5,25,3.0,3.5
20,46,4.6000000000000005,1.2015664276378017,2,5,25,3.0,3.5
20,47,4.7,1.196688990514409,2,5,25,3.0,3.5
20,48,4.800000000000001,1.1990076323270173,2,5,25,3.0,3.5
20,49,4.9,1.1976594026126475,2,5,25,3.0,3.5
20,50,5.0,1.203991724712117,2,5,25,3.0,3.5
20,51,5.1000000000000005,1.196409634060721,2,5,25,3.0,3.5
20,52,5.2,1.2026810930681673,2,5,25,3.0,3.5
20,53,5.300000000000001,1.2026788616103263,2,5,25,3.0,3.5
20,54,5.4,1.2054888606051481,2,5,25,3.0,3.5
20,55,5.5,1.1987709402221114,2,5,25,3.0,3.5
20,56,5.6000000000000005,1.2021369664787405,2,5,25,3.0,3.5
20,57,5.7,1.2068449555096166,2,5,25,3.0,3.5
20,58,5.800000000000001,1.198147074969199,2,5,25,3.0,3.5
20,59,5.9,1.195394879257403,2,5,25,3.0,3.5
20,60,6.0,1.1943599698982768,2,5,25,3.0,3.5
20,61,6.1000000000000005,1.202138136086584,2,5,25,3.0,3.5
20,62,6.2,1.1943505493758242,2,5,25,3.0,3.5
20,63,6.300000000000001,1.1988830428411863,2,5,25,3.0,3.5
20,64,6.4,1.201311939561117,2,5,25,3.0,3.5
20,65,6.5,1.2005555266104897,2,5,25,3.0,3.5
20,66,6.6000000000000005,1.2012763345925526,2,5,25,3.0,3.5
20,67,6.7,1.2006668695674025,2,5,25,3.0,3.5
20,68,6.800000000000001,1.20383659743994,2,5,25,3.0,3.5
20,69,6.9,1.1971430508577836,2,5,25,3.0,3.5
20,70,7.0,1.1979690145846245,2,5,25,3.0,3.5
20,71,7.1000000000000005,1.1976820216641875,2,5,25,3.0,3.5
20,72,7.2,1.2024905754355877,2,5,25,3.0,3.5
20,73,7.300000000000001,1.2027011957651852,2,5,25,3.0,3.5
20,74,7.4,1.2013536759579555,2,5,25,3.0,3.5
20,75,7.5,1.2035504810006696,2,5,25,3.0,3.5
20,76,7.6000000000000005,1.196465877397871,2,5,25,3.0,3.5
20,77,7.7,1.2050016723346533,2,5,25,3.0,3.5
20,78,7.800000000000001,1.2045697158651367,2,5,25,3.0,3.5
20,79,7.9,1.202206865991737,2,5,25,3.0,3.5
20,80,8.0,1.2053453967263132,2,5,25,3.0,3.5
20,81,8.1,1.1950301303769666,2,5,25,3.0,3.5
20,82,8.200000000000001,1.198426655591212,2,5,25,3.0,3.5
20,83,8.3,1.1977940896179542,2,5,25,3.0,3.5
20,84,8.4,1.202164437971272,2,5,25,3.0,3.5
20,85,8.5,1.1968495777811936,2,5,25,3.0,3.5
20,86,8.6,1.2022724854480125,2,5,25,3.0,3.5
20,87,8.700000000000001,1.20411160843199,2,5,25,3.0,3.5
20,88,8.8,1.202085608700252,2,5,25,3.0,3.5
20,89,8.9,1.2008512530709845,2,5,25,3.0,3.5
20,90,9.0,1.1970363799772976,2,5,25,3.0,3.5
20,91,9.1,1.1974594471016238,2,5,25,3.0,3.5
20,92,9.200000000000001,1.20374885671589,2,5,25,3.0,3.5
20,93,9.3,1.202338047011716,2,5,25,3.0,3.5
20,94,9.4,1.1998829414418672,2,5,25,3.0,3.5
20,95,9.5,1.1987462713627022,2,5,25,3.0,3.5
20,96,9.600000000000001,1.1939225763806658,2,5,25,3.0,3.5
20,97,9.700000000000001,1.1967874427439467,2,5,25,3.0,3.5
20,98,9.8,1.2057342572614191,2,5,25,3.0,3.5
20,99,9.9,1.1961586332869925,2,5,25,3.0,3.5
